Date Added,Entity Name,Website,Location,Description,Lat,Lng,Image URL,Funding,Entity Type,Entity Category,Company Type,Country,Has Vehicles?
11/24/25,Saronic Technologies,https://www.saronic.com/,Austin TX,"Saronic is a defense technology startup founded in 2022 that develops a full range of autonomous surface vessels from small 14-foot platforms to the 150-foot Marauder medium USV. The company secured a $392 million Navy contract to deliver autonomous vessels by 2031 and acquired a Louisiana shipyard to enable production of up to 50 vessels annually. Their modular ASV family includes the Cutlass, Corsair, Mirage, Cipher, and Marauder, all designed with open architecture for multi-mission flexibility and built for scalable mass production.",30.267153,-97.743057,https://zrwmb79p32.ufs.sh/f/TyYukHBJrHb9im0ufQeSBIz1rRXYm2e3Wb5EZxqaGvVs86cw,845000000,company,usv platform,New Prime,USA,TRUE
11/24/25,HavocAI,https://www.havocai.com/,Providence RI,"Founded in early 2024 by Navy veterans, HavocAI has rapidly scaled to produce swarm-capable autonomous surface vessels with collaborative autonomy technology allowing single operators to control multiple vessels simultaneously. The company raised $85 million in 2025 and has partnered with Lockheed Martin to develop medium USVs, having already delivered over 50 of its 14-foot vessels to the DoD with plans for 100-foot platforms. HavocAI specializes in scalable maritime autonomy and has demonstrated control of 25 autonomous vessels from one operations center across multiple continents.",41.82399,-71.412834,https://zrwmb79p32.ufs.sh/f/TyYukHBJrHb9Pa6P0rfdJbi8IykUfHBTSX6KpFOGsMho720e,97000000,company,usv platform,Startup,USA,TRUE
11/24/25,BlackSea Tech/MAPC,https://www.blacksea.tech/,Baltimore MD,"Formed in 2022 through the acquisition of Maritime Applied Physics Corporation (founded 1986) and other companies, BlackSea Technologies produces the 16-foot Global Autonomous Reconnaissance Craft (GARC) at historic Baltimore shipyards. The company delivers over 30 GARCs per month under a Navy contract worth up to $213 million, with vessels achieving 40+ knot speeds and 1,000-pound payload capacity. GARC has accumulated over 5,000 operational hours supporting U.S. Navy fleet operations globally and is used by multiple unmanned surface vessel squadrons including USVRON-7.",39.290386,-76.61219,https://zrwmb79p32.ufs.sh/f/TyYukHBJrHb9yVSnaNF7G3BCg9Qf6nKtsAYaqPvHNURyhWDz,,company,usv platform,Mid-Tier,USA,TRUE
11/24/25,Blue Water Autonomy,https://www.blw.ai/,Boston MA,"Founded in 2024 by Navy veterans and former Amazon Robotics executives, Blue Water Autonomy emerged from stealth with $64 million in funding to build long-range, fully autonomous 100-foot ships for the Navy. The company partnered with Conrad Shipyard in Louisiana for production and is developing full-stack autonomy technology designed for months-long missions at sea. With a team that includes proven robotics founders and shipbuilding veterans who delivered 30+ ships to the Navy, Blue Water focuses on highly producible unmanned vessels to complement the traditional fleet.",42.360081,-71.058884,https://zrwmb79p32.ufs.sh/f/TyYukHBJrHb9mDDwIz4GRAG8zUZWykt3THjc5vFrYwpL7f2E,64000000,company,usv platform,Startup,USA,TRUE
11/24/25,Seasats,https://seasats.com/,San Diego CA,"Seasats designs and manufactures lightweight autonomous surface vehicles including the solar-powered 11-foot Lightfish and the high-speed 24-foot Quickfish interceptor capable of 35+ knots. The company secured an $89 million Navy IDIQ contract for USV delivery to the Marine Corps and has demonstrated trans-Pacific voyages, with one Lightfish completing a 7,500-mile autonomous journey from San Diego to Japan. Backed by L3Harris and Shield Capital, Seasats' vessels combine multi-month endurance with modular payloads for defense, scientific, and commercial applications.",32.7174202,-117.162772,https://zrwmb79p32.ufs.sh/f/TyYukHBJrHb9ssZCezDlpTvANngIt8jBRQ5faE2c6wLheoWY,19000000,company,usv platform,Startup,USA,TRUE
11/24/25,Saildrone,https://www.saildrone.com/,Alameda CA,"Founded in 2012 by engineer Richard Jenkins, Saildrone manufactures wind and solar-powered autonomous surface vehicles ranging from the 23-foot Explorer to the 72-foot Surveyor class vessel. The company operates the world's largest fleet of USVs for ocean data collection, with vehicles that can remain at sea for up to 12 months collecting meteorological and oceanographic data. Saildrone has completed landmark missions including the first autonomous circumnavigation of Antarctica and serves customers including NOAA, the U.S. Navy, Coast Guard, and international research institutions.",37.6090291,-121.899142,https://zrwmb79p32.ufs.sh/f/TyYukHBJrHb9DSt8cwzPFHPydTYRlvfXViMua2E7mGQIW0rJ,300000000,company,usv platform,Mid-Tier,USA,TRUE
11/24/25,Sea Machines Robotics,https://sea-machines.com/,Boston MA,"Founded in 2015, Sea Machines develops autonomous control and navigation systems (SM300 and SM200) that can be retrofitted onto existing commercial vessels or integrated into new builds. The company has delivered 200+ autonomous systems worldwide across vessels ranging from 10 to 300 feet, serving both defense and commercial customers with technology proven in GPS-denied environments. Sea Machines recently launched the SELKIE turnkey autonomous USV series and has raised over $32 million from investors including Huntington Ingalls Industries, Toyota AI Ventures, and Brunswick Corporation.",42.3554334,-71.060511,https://zrwmb79p32.ufs.sh/f/TyYukHBJrHb9alTGc4hNGFgVJsw0xbPjSHfyBmc1Dv8kMaYO,44000000,company,usv platform,Startup,USA,TRUE
11/24/25,L3Harris Technologies,https://www.l3harris.com/all-capabilities/uncrewed-surface-vehicles-usvs,Melbourne FL,"L3Harris is a world leader in unmanned surface vehicles with over 500 autonomous systems delivered globally, featuring proprietary ASView autonomy technology for vessel control and conversion. The company serves as prime contractor for the Navy's Medium Unmanned Surface Vehicle (MUSV) program, a $281 million contract to build 195-foot autonomous vessels for ISR missions. L3Harris provides complete USV solutions from small target boats to large survey platforms, with systems actively serving international navies, research institutions, and commercial operations.",28.0785034,-80.6077908,https://zrwmb79p32.ufs.sh/f/TyYukHBJrHb9m8DbQQGRAG8zUZWykt3THjc5vFrYwpL7f2EK,,company,usv platform,Legacy,USA,TRUE
11/24/25,Leidos,https://www.leidos.com/capabilities/integrated-systems/autonomy-and-autonomous-solutions,Reston VA,Leidos is a major defense technology integrator providing autonomy and autonomous solutions across multiple domains including maritime systems. The company leverages AI and machine learning to deliver integrated autonomous capabilities for defense and intelligence customers. Leidos has extensive experience in systems integration and mission-critical technology development for government agencies.,38.9587514,-77.3585955,https://zrwmb79p32.ufs.sh/f/TyYukHBJrHb9QhgkXeyJYZEOsIl2MBSj3qcnwf6LRdND8KPH,,company,usv platform,Legacy,USA,TRUE
11/24/25,Liquid Robotics (Boeing),https://www.liquid-robotics.com/,Herndon VA,"Liquid Robotics, now owned by Boeing, pioneered the Wave Glider, an innovative wave and solar-powered unmanned surface vehicle that harvests energy from ocean waves for propulsion. The Wave Glider is designed for persistent ocean monitoring and can operate autonomously for months at sea collecting environmental and maritime domain awareness data. The technology represents a unique approach to long-endurance maritime surveillance with minimal logistical support requirements.",38.9695316,-77.3859479,https://zrwmb79p32.ufs.sh/f/TyYukHBJrHb93yZy7VYAPn8DyHaJqhVBOZXSj74Wo9kGpz0C,,company,usv platform,Legacy,USA,TRUE
11/24/25,Austal USA,https://www.austal.com/ships/autonomous-ships,Mobile AL,Austal USA is a major shipbuilder specializing in aluminum vessels and has expanded into autonomous ship technologies for defense applications. The company manufactures naval vessels including Littoral Combat Ships and Expeditionary Fast Transports and is developing autonomous capabilities for naval platforms. Austal leverages its advanced shipbuilding expertise and aluminum construction capabilities to support the Navy's unmanned systems requirements.,30.6913462,-88.0437509,https://zrwmb79p32.ufs.sh/f/TyYukHBJrHb9Upf0CGLwxzAmDr8OvGiyJTeEdWbpLfZ47cYI,,company,usv platform,Legacy,USA,TRUE
11/24/25,Metal Shark,https://www.metalsharkboats.com/,Jeanerette LA,"Metal Shark is a leading builder of combat and patrol boats having delivered over 2,000 vessels to U.S. and foreign militaries and first responders in the past 20 years. The company has partnered with HavocAI to integrate collaborative autonomy technology across its high-speed maneuverable unmanned surface vessels (HSMUSVs), achieving production rates of up to one vessel per day. Metal Shark's autonomous platforms include the Marine Corps Long Range Unmanned Surface Vessel (LRUSV), the Prowler semi-submersible USV, and the Frenzy micro-USV.",29.911,-91.6634,https://zrwmb79p32.ufs.sh/f/TyYukHBJrHb9SlZ5fjvNfBYn0XSJZrqgtC4Pvb5kQIxUEL2h,,company,usv integrator,Mid-Tier,USA,TRUE
11/24/25,Textron Systems,https://www.textronsystems.com/products/cusv,Providence RI,"Textron Systems, a business unit of Textron Inc., develops the Common Unmanned Surface Vehicle (CUSV) for military applications. The company provides advanced defense systems and unmanned solutions across air, land, and maritime domains. Textron leverages its extensive defense technology experience to deliver autonomous maritime capabilities for government customers.",41.8239891,-71.4128343,https://zrwmb79p32.ufs.sh/f/TyYukHBJrHb9QTs3SVyJYZEOsIl2MBSj3qcnwf6LRdND8KPH,,company,usv platform,Legacy,USA,TRUE
11/24/25,Huntington Ingalls Industries,https://hii.com/product/romulus-usvs/,Newport News VA,"Huntington Ingalls Industries (HII) is America's largest military shipbuilder and develops the Romulus family of unmanned surface vessels for Navy applications. The company brings decades of shipbuilding expertise from constructing aircraft carriers, destroyers, and amphibious ships to the autonomous vessel market. ",36.9775016,-76.42977,https://zrwmb79p32.ufs.sh/f/TyYukHBJrHb9aoI0HhNGFgVJsw0xbPjSHfyBmc1Dv8kMaYOK,,company,usv platform,Legacy,USA,TRUE
11/24/25,MARTAC,https://martacsystems.com/,Melbourne FL,"MARTAC is the leading provider of high-performance Unmanned Surface Vehicles (USVs) and Fleet Management Solutions for the military, government, commercial and scientific markets worldwide. Our portfolio consists of two USV classes, the all-electric MANTAS and the high-performance combustion Devil Ray Classes.",28.0785034,-80.6077908,https://zrwmb79p32.ufs.sh/f/TyYukHBJrHb9iq6LvJeSBIz1rRXYm2e3Wb5EZxqaGvVs86cw,,company,usv platform,Mid-Tier,USA,TRUE
11/24/25,Blue Ops (Red Cat Holdings),https://blueops.com/,Salt Lake City UT,"Blue Ops, a division of Red Cat Holdings, focuses on unmanned maritime systems for defense and security applications. The company provides autonomous surface and underwater vehicle solutions for military and commercial customers. Blue Ops is part of Red Cat's broader portfolio of unmanned systems technologies.",18.1380738,-65.8196369,https://zrwmb79p32.ufs.sh/f/TyYukHBJrHb9iptUuieSBIz1rRXYm2e3Wb5EZxqaGvVs86cw,,company,usv platform,Mid-Tier,USA,TRUE
11/24/25,SeaRobotics,https://searobotics.com/,Stuart FL,"SeaRobotics Corporation designs and manufactures unmanned surface vehicles and autonomous control systems for military, security, and scientific applications. The company offers a range of USV platforms from small survey vessels to larger multi-mission capable systems. SeaRobotics provides turnkey autonomous solutions including vehicle hardware, software, and mission planning capabilities.",27.197983,-80.2519175,https://zrwmb79p32.ufs.sh/f/TyYukHBJrHb9too4EV8eGEwYNBV0FAn4Cb2xM5ZhpRKIlfik,,company,usv platform,Mid-Tier,USA,TRUE
11/24/25,Swiftships,https://swiftships.com/,Morgan City LA,"Swiftships is a Louisiana-based shipbuilder with decades of experience constructing patrol boats and specialized vessels for military and commercial customers worldwide. The company serves as the vessel construction partner for L3Harris's Medium Unmanned Surface Vehicle program, building 195-foot autonomous ships. Swiftships leverages its Gulf Coast shipbuilding facilities and expertise to support the growing demand for unmanned naval platforms.",29.6993748,-91.20677,https://zrwmb79p32.ufs.sh/f/TyYukHBJrHb9Vx1PNT01DQmSBwu9gWPcGRyJXA3Fp7zOEslq,,company,usv platform,Mid-Tier,USA,TRUE
11/24/25,General Dynamics,https://gdmissionsystems.com/shipboard-integration-and-combat-systems/ghost,Reston VA,"General Dynamics Mission Systems developed the Ghost unmanned surface vessel, a high-speed autonomous platform designed for intelligence, surveillance, and reconnaissance missions. The 50-foot Ghost USV demonstrated speeds over 30 knots and the ability to operate autonomously for extended periods. General Dynamics applies its extensive defense systems integration experience to deliver unmanned maritime capabilities for naval operations.",38.9587514,-77.3585955,https://zrwmb79p32.ufs.sh/f/TyYukHBJrHb9Eweaqgk5MwIGCx7cUiPElg4ZNay9uQDAn3kL,,company,usv platform,Legacy,USA,TRUE
11/24/25,BAE Systems US,https://www.baesystems.com/en/product/uncrewed-surface-vessel,Arlington VA,"BAE Systems US develops uncrewed surface vessel technologies and autonomous mission systems for naval applications. The company leverages its global defense technology expertise to provide advanced sensors, combat systems, and mission equipment for unmanned maritime platforms. BAE Systems offers integrated solutions combining autonomy, communications, and mission payloads for next-generation naval forces.",38.8769326,-77.0893094,https://zrwmb79p32.ufs.sh/f/TyYukHBJrHb9UdsfthLwxzAmDr8OvGiyJTeEdWbpLfZ47cYI,,company,usv platform,Legacy,USA,TRUE
11/24/25,Teledyne Technologies,https://www.teledynemarine.com/brands/oceanscience,Thousand Oaks CA,"Teledyne Marine, part of Teledyne Technologies, produces the OceanScience Z-Boat series of autonomous surface vehicles for hydrographic surveying and ocean data collection. The company's USVs are widely used for bathymetric mapping, water quality monitoring, and coastal surveying applications. Teledyne leverages its extensive marine instrumentation and sensor expertise to provide complete autonomous survey solutions for government agencies, research institutions, and commercial customers.",34.1705609,-118.8375937,https://zrwmb79p32.ufs.sh/f/TyYukHBJrHb9rHY2ATiRAmDMhLtW5vsSpbKPFE4c8GUoBjen,,company,usv platform,Legacy,USA,TRUE
11/24/25,Splash Inc.,https://splash9.com/,Inglewood CA,"Splash is developing the next generation of autonomous surface vessels (ASVs) to provide National Security and defend critical assets such as oil rigs and shipping terminals. Our long-term vision is to make traditional naval vessels obsolete by creating a fleet of low-cost and versatile boats which will be able to dominate the seas. Our expertise in mass manufacturing, engineering and quickly scaling operations will make this vision a reality.",33.9562003,-118.353132,https://zrwmb79p32.ufs.sh/f/TyYukHBJrHb9NcSzmSnCHOZjMeUTQyhknwcFPf8EG4xrS7YW,500000,company,usv platform,Startup,USA,
11/24/25,SeaTrac,https://www.seatrac.com/,Marblehead MA,SeaTrac designs and develops uncrewed surface vehicles for persistent in-shore and open-ocean missions. Energy is derived from solar panels; propulsion comes from a highly efficient electric motor. Power from the vessel’s substantial battery storage allows for consistent cruise speeds over days with varying weather conditions.,42.500096,-70.8578253,https://zrwmb79p32.ufs.sh/f/TyYukHBJrHb9DSAA9qnPFHPydTYRlvfXViMua2E7mGQIW0rJ,3800000,company,usv platform,Startup,USA,TRUE
11/24/25,Amidon Heavy Industries,https://amidonheavyindustries.com/,El Segundo CA,"Amidon Heavy Industries builds systems that replace ship-bound workflows with shore-launched vessels and mission software. By shifting operations off large ships and into scalable hardware and software, we deliver offshore missions at a fraction of the cost and with the frequency needed to make continuous monitoring practical.",33.917028,-118.4156337,https://zrwmb79p32.ufs.sh/f/TyYukHBJrHb9hHP8Pr9ECHiwd8AkVtfT4ox6qhmY1R9FXPIr,,company,usv platform,Startup,USA,TRUE
11/24/25,Anduril,https://www.anduril.com/article/anduril-to-build-autonomous-warships/,"Seattle, WA","Anduril Industries is an American defense technology company that develops AI-powered autonomous defense systems. The company designs and manufactures various autonomous hardware, such as the Roadrunner drone, and integrates them with its core Lattice command and control software platform to provide comprehensive defense solutions. Unlike traditional defense contractors, Anduril uses private capital for R&D to build finished products quickly, then sells them off-the-shelf to government customers like the U.S. Department of Defense.",47.6061,-122.3328,https://zrwmb79p32.ufs.sh/f/TyYukHBJrHb9KlVaPNbL2R5xpcqBe1S6JjEYyVCdFfzlGmNo,6200000000,company,usv platform,New Prime,USA,
11/24/25,Ocean Infinity,https://oceaninfinity.com/,"Austin, TX","Ocean Infinity is a pioneer of large scale marine robotic operations deploying robotic technologies to capture ocean data and deliver maritime solutions whilst minimising our environmental footprint. They are building the world’s largest fleet of marine robotic vehicles, offering the safest and most sustainable operations the industry has ever seen. Their purpose is to innovate using robotics and technology to transform industries, enabling people and the planet to thrive.",30.268,-97.744,https://zrwmb79p32.ufs.sh/f/TyYukHBJrHb9xsAprjfmtQBP8pSHjcbWgl2CE5Ddqm0azT1A,,company,usv platform,Startup,USA,
11/24/25,BLUE Incubator at Blue Innovation Labs,https://blueinnovationlabs.com/blue-incubator,"Boston, MA","New England’s first BlueTech incubator, Blue Innovation Labs offers a 1–3 year, startup-only program providing intensive mentorship, funding opportunities, investor access, and commercialization support. Since 2017, it has supported 30 early-stage BlueTech companies that have collectively raised over $30M.",42.360081,-71.058884,https://zrwmb79p32.ufs.sh/f/TyYukHBJrHb9vEMaHeWyO1bT5gvD7icLBZVz4xRA3oCKj8Jp,,partner,incubator,,USA,
11/24/25,Port of San Diego’s Blue Economy Incubator,https://www.portofsandiego.org/waterfront-development/blue-economy,"San Diego, CA","The Port of San Diego's Blue Economy Incubator (BEI) accelerates blue-tech innovation by providing funding, pilot project facilitation, permitting support, and access to Port-based testbeds for emerging ocean-focused solutions. With over 35 partnerships and millions in pilot and R&D funding leveraged, BEI helps entrepreneurs advance technologies in areas such as coastal resiliency, aquaculture, maritime decarbonization, and ocean data.",32.7174202,-117.162772,https://zrwmb79p32.ufs.sh/f/TyYukHBJrHb9JJ4QV7uPSKyOC940B51LYtbdgifcsEHhl3Fm,,partner,incubator,,USA,
11/24/25,StartBlue,https://startblue.ucsd.edu/,"La Jolla, CA",StartBlue Ocean Enterprise Accelerator is an immersive four-month program designed to help U.S.-based (or U.S. subsidiary) ocean intelligence startups launch and scale supporting the goals of the NOAA Ocean Enterprise Initiative. This partnership between Scripps Institution of Oceanography and Rady School of Management is aimed at helping researchers like you take their innovative ideas to market.,32.8401623,-117.2740777,https://zrwmb79p32.ufs.sh/f/TyYukHBJrHb9Q0k9LKyJYZEOsIl2MBSj3qcnwf6LRdND8KPH,,partner,incubator,,USA,
11/24/25,TMA BlueTech,https://www.tmabluetech.org/,"San Diego, CA","TMA BlueTech is the nation’s leading BlueTech cluster, uniting industry, academia, and government to drive innovation in maritime defense, advanced maritime systems, and ocean resilience. Through strategic collaboration and market intelligence, it accelerates dual-use solutions and creates commercial opportunities for its members.",32.7174202,-117.162772,https://zrwmb79p32.ufs.sh/f/TyYukHBJrHb9pFPuNBRRnSzg7m682rl3MIj9YZ5bPAWhaBON,,partner,non-profit/association,,USA,
11/24/25,Mass Challenge Blue Tech Program,https://masschallenge.org/programs-bluetech/,"Boston, MA","MassChallenge BlueTech is a 6-week program helping marine and maritime startups gain strategic exposure to defense agencies, procurement offices, and investors while advancing innovations in naval cybersecurity, autonomous systems, and climate-resilient technologies. The program supports early-stage companies developing next-generation solutions for defense and dual-use maritime applications.",42.360081,-71.058884,https://zrwmb79p32.ufs.sh/f/TyYukHBJrHb9jV6QTwoscmFpWyNtbziZMTBnKwVQxoeqLuIR,,partner,incubator,,USA,
11/24/25,BlueTech Boost Incubator Program,https://www.gmri.org/projects/bluetech-boost-incubator-program/,"Portland, ME","The BlueTech Boost is a 10-week, hybrid incubator program designed to help founders overcome early-stage startup hurdles and reach specific milestones in their company’s journey. We provide direct mentor support, connect founders to Gulf of Maine Research Institute’s subject-matter expertise, and supplement with microgrant funding to help move founders along the pathway towards growth.",43.6573605,-70.2586618,https://zrwmb79p32.ufs.sh/f/TyYukHBJrHb91OOkuAkjifjngPC02IqYdNo78eDs9Mla63hW,,partner,incubator,,USA,
11/24/25,Blue Swell,https://blueswell.sea-ahead.com/,"Cambridge, MA","BlueSwell, run by SeaAhead, supports early-stage ocean-focused founders with funding, mentorship, and specialized infrastructure to turn high-impact BlueTech concepts into sustainable businesses. The program accelerates solutions in areas such as sustainable ocean food, low-carbon maritime transport, renewable ocean energy, marine pollution reduction, and coastal resilience.",42.3656347,-71.1040018,https://zrwmb79p32.ufs.sh/f/TyYukHBJrHb9jQ4si5oscmFpWyNtbziZMTBnKwVQxoeqLuIR,,partner,incubator,,USA,
11/24/25,Blue w(AI)ve Accelerator,https://www.gmri.org/projects/blue-waive-accelerator/,"Portland, ME","The Blue w(AI)ve Accelerator is a 16-week program in Portland, Maine, supporting early-stage companies using AI for ocean-focused innovation through expert mentorship, tailored support, and investment-readiness resources. A partnership between Gulf of Maine Ventures and the Roux Institute, it provides dedicated AI consulting and access to a broad network of industry leaders and investors.",43.6573605,-70.2586618,https://zrwmb79p32.ufs.sh/f/TyYukHBJrHb9AQD2Vkt4bEjTzDi36fHpCOlGcSMAyKLk5Q21,,partner,incubator,,USA,
11/24/25,Woods Hole,https://www.whoi.edu/,"Woods Hole, MA","Woods Hole Oceanographic Institution (WHOI) is the world’s leading independent non-profit dedicated to ocean science, technology, education, and communication. Our work fuels economic growth, strengthens national security, and improves lives and livelihoods by advancing the frontiers of knowledge and accelerating the search for solutions to some of our most pressing challenges.",41.5238752,-70.6694015,https://zrwmb79p32.ufs.sh/f/TyYukHBJrHb9WPoMOYA1Aj6qipCozhZ8TswruWDQOfJmBxlY,,partner,research institute,,USA,
11/24/25,Scripps Institution of Oceanography,https://scripps.ucsd.edu/,"La Jolla, CA","Scripps Institution of Oceanography at UC San Diego is a world-leading center for ocean, Earth, and atmospheric research, driving scientific discovery and solutions to major environmental challenges. With renowned academic programs, a fleet of research vessels, and the Birch Aquarium, Scripps trains the next generation of scientific leaders while advancing global understanding of our planet.",32.8401623,-117.2740777,https://zrwmb79p32.ufs.sh/f/TyYukHBJrHb93reW75SYAPn8DyHaJqhVBOZXSj74Wo9kGpz0,,partner,research institute,,USA,
11/24/25,Florida Institute of Oceanography,https://www.fio.usf.edu/,"St. Petersburg, FL","The Florida Institute of Oceanography (FIO) is a 34-member consortium supporting coastal and ocean science across Florida through its research vessels, Keys Marine Laboratory, advanced programming, and educational opportunities. Serving as a statewide facilitator, FIO enables research, academic training, and business engagement that strengthen Florida’s Blue Economy and advance marine innovation.",27.7700475,-82.6359078,https://zrwmb79p32.ufs.sh/f/TyYukHBJrHb9R4pFbxZJ1ckrbl6VT3ZugpMwAeH59GNdmFxS,,partner,research institute,,USA,
11/24/25,Pacific Coastal and Marine Science Center,https://www.usgs.gov/pacific-coastal-and-marine-science-center,"Santa Cruz, CA",PCMSC is one of three centers serving the mission of the USGS Coastal and Marine Hazards and Resources Program—the primary Federal marine geology and physical science research program responsible for the Nation’s entire coastal and marine landscape. ,37.050096,-121.99059,https://zrwmb79p32.ufs.sh/f/TyYukHBJrHb9ZwMvzwXoxJhbuY5UnB4g3LVHTclvQXjeC7SK,,partner,research institute,,USA,
11/24/25,Gulf of Maine Research Institute,https://www.gmri.org/,"Portland, ME","The Gulf of Maine Research Institute (GMRI) is a science-driven, community-focused organization tackling the region’s most urgent ocean challenges through transdisciplinary research and partnerships. By turning knowledge into action, GMRI provides coastal communities with the insight, tools, and collaboration they need to build a sustainable and resilient marine future.",43.6573605,-70.2586618,https://zrwmb79p32.ufs.sh/f/TyYukHBJrHb9OJH2dzTMZYbpqNwmLdcnorHyf74ihz2uJeFE,,partner,research institute,,USA,
11/24/25,US Center for Maritime Innovation,https://www.uscmi.org/,"Washington, DC","Authorized by the U.S. Congress, the Center is intended to support the study, research, development, assessment, and deployment of emerging marine technologies and practices related to the U.S. maritime transportation system (MTS)",38.8950368,-77.0365427,https://zrwmb79p32.ufs.sh/f/TyYukHBJrHb9iXunEMeSBIz1rRXYm2e3Wb5EZxqaGvVs86cw,,government,civil,,USA,
11/24/25,NOAA,https://www.noaa.gov/,"Washington, DC","The National Oceanic and Atmospheric Administration (NOAA) is a U.S. scientific and regulatory agency responsible for weather forecasting, ocean and atmospheric monitoring, marine resource management, and deep-sea exploration. As part of the Department of Commerce, NOAA protects ecosystems, supports safe navigation, and advances understanding of Earth’s oceans and climate.",38.8950368,-77.0365427,https://zrwmb79p32.ufs.sh/f/TyYukHBJrHb9OHO4mhTMZYbpqNwmLdcnorHyf74ihz2uJeFE,,government,civil,,USA,
11/24/25,DARPA,https://www.darpa.mil/,"Ballston, VA","The Defense Advanced Research Projects Agency (DARPA) is a U.S. Department of Defense agency that develops emerging technologies to advance military capabilities. By partnering with academia, industry, and government, DARPA drives high-impact R&D projects that push the frontiers of science and technology.",38.8950368,-77.0365427,https://zrwmb79p32.ufs.sh/f/TyYukHBJrHb9FS1ir0JCPQBIa1K5ueGORXs3Zci2mF96YhjT,,government,military,,USA,
11/24/25,ASN(RDA) Maritime Industrial Base,https://www.secnav.navy.mil/rda/mib/Pages/default.aspx,"Washington, DC","The Maritime Industrial Base (MIB) Program modernizes and strengthens U.S. shipbuilding by integrating advanced technologies, enhancing supply chain resilience, and developing a skilled workforce. By uniting submarine and surface ship initiatives, MIB drives innovation, creates high-skilled jobs, and ensures America’s maritime superiority for the future.",38.8737891,-76.9955602,https://zrwmb79p32.ufs.sh/f/TyYukHBJrHb9IrdX6yKZhEaBvXqrdcsnUQbVGi3ozJSpCR72,,government,military,,USA,
11/24/25,US Navy: PEO Robotics and Autonomous Systems,,"Washington, DC","The U.S. Navy’s PEO Robotics and Autonomous Systems (PAE RAS) consolidates the development and acquisition of autonomous programs, including unmanned surface, underwater, and swarming systems, under a single portfolio. Tasked with accelerating innovation and streamlining procurement, PAE RAS oversees multi-billion-dollar programs like MASC and DAWG to enhance naval capabilities and operational readiness.",38.8691306,-77.054076,https://zrwmb79p32.ufs.sh/f/TyYukHBJrHb9r9VRFaiRAmDMhLtW5vsSpbKPFE4c8GUoBjen,,government,military,,USA,
11/24/25,OPNAV N9IZ: Robotic Autonomous Systems' group,,"Washington, DC",,38.8691306,-77.054076,https://zrwmb79p32.ufs.sh/f/TyYukHBJrHb9RaTINhTZJ1ckrbl6VT3ZugpMwAeH59GNdmFx,,government,military,,USA,
11/24/25,SOF: PEO Maritime (PEO-M),https://www.socom.mil/SOF-ATL/Pages/programs_new.aspx,"MacDill Air Force Base, FL","SOF AT&L Maritime provides rapid acquisition, technology, and logistics support to Special Operations Forces, enabling no-fail missions with aircraft, vehicles, weapons, and ISR systems. By managing programs from development to fielding, it ensures warfighters receive critical capabilities quickly while involving them throughout the process.",27.8472,-82.50338,https://zrwmb79p32.ufs.sh/f/TyYukHBJrHb9b2vVvkpYiXx1jKWksG90v3rodDtT4zL6nyw7,,government,military,,USA,
11/24/25,NAVSEA: PEO Unmanned and Small Combatants (USC),https://www.navsea.navy.mil/Home/PEO-Unmanned-and-Small-Combatants/,"Washington, DC","NAVSEA PEO USC designs, develops, builds, maintains, and modernizes the Navy’s unmanned maritime, mine warfare, special warfare, expeditionary warfare systems, and small surface combatants. It ensures these platforms meet operational needs and advance U.S. naval capabilities.",38.8691306,-77.054076,https://zrwmb79p32.ufs.sh/f/TyYukHBJrHb9xfEd3amtQBP8pSHjcbWgl2CE5Ddqm0azT1Ak,,government,military,,USA,
11/24/25,US Coast Guard: Robotics and Autonomous Systems,https://www.dcms.uscg.mil/Our-Organization/Assistant-Commandant-for-Acquisitions-CG-9/Programs/Robotics-and-Autonomous-Systems/,"Washington, DC","The U.S. Coast Guard’s PEO Robotics and Autonomous Systems accelerates the development, acquisition, and deployment of unmanned systems to enhance mission effectiveness across air, maritime, and counter domains. By managing the full lifecycle of RAS capabilities, the office advances operational readiness, workforce support, and the service’s Force Design 2028 transformation.",38.8950368,-77.0365427,https://zrwmb79p32.ufs.sh/f/TyYukHBJrHb9ybV4iWF7G3BCg9Qf6nKtsAYaqPvHNURyhWDz,,government,military,,USA,
11/24/25,MARAD,https://www.maritime.dot.gov/,"Washington, DC","The U.S. Maritime Administration (MARAD) oversees the development and operation of the U.S. Maritime Service and Merchant Marine, manages reserve fleets, and conducts maritime research and development. MARAD ensures national defense readiness by maintaining government-owned ships and supporting military logistics during emergencies.",38.8950368,-77.0365427,https://zrwmb79p32.ufs.sh/f/TyYukHBJrHb9OWBbe6TMZYbpqNwmLdcnorHyf74ihz2uJeFE,,government,civil,,USA,
11/24/25,University of Michigan,https://name.engin.umich.edu/,"Ann Arbor, MI","The Naval Architecture and Marine Engineering (NA&ME) program at the University of Michigan trains students to design and engineer ships, submarines, offshore structures, and marine technologies. With a system-oriented curriculum, hands-on internships, and award-winning senior projects, the program prepares graduates for leadership careers across maritime, defense, energy, and related industries.",42.2813722,-83.7484616,https://zrwmb79p32.ufs.sh/f/TyYukHBJrHb9phN1TKRRnSzg7m682rl3MIj9YZ5bPAWhaBON,,partner,university,,USA,
11/24/25,Webb Institute,https://www.webb.edu/,"Glen Cove, NY","Webb Institute is a top-ranked undergraduate college offering a full-tuition dual bachelor’s degree in Naval Architecture and Marine Engineering, preparing students for leadership in ship design and marine technology. Founded in 1889, it combines rigorous engineering education with a close-knit learning community on a 26-acre Long Island campus.",40.8642028,-73.6317807,https://zrwmb79p32.ufs.sh/f/TyYukHBJrHb9AqyrQ0zt4bEjTzDi36fHpCOlGcSMAyKLk5Q2,,partner,university,,USA,
11/24/25,MIT Center for Ocean Engineering,https://maritime.mit.edu/,"Cambridge, MA","MIT’s Pratt School of Naval Architecture and Marine Engineering, established in 1912, is a global leader in ship research, design, and ocean engineering. The program excels in hydrodynamics, ship mechanics, marine robotics, and ocean sensing, while offering advanced graduate education in naval ship and vehicle design.",42.3656347,-71.1040018,https://zrwmb79p32.ufs.sh/f/TyYukHBJrHb9lONvcbCMvYU2d10HJkVOzryq7Ff4Q8SADgRW,,partner,university,,USA,
11/24/25,University of Rhode Island Graduate School of Oceanography ,https://web.uri.edu/gso/,"Kingston, RI","The University of Rhode Island’s Graduate School of Oceanography (GSO) trains marine scientists and leaders while advancing global ocean research through integrated field, laboratory, and modeling studies. With extensive facilities, research vessels, and expert staff, GSO addresses pressing coastal and ocean challenges through education, research, and public outreach.",41.4801166,-71.5227103,https://zrwmb79p32.ufs.sh/f/TyYukHBJrHb9ixtlHz1eSBIz1rRXYm2e3Wb5EZxqaGvVs86c,,partner,university,,USA,
11/24/25,Naval Academy,https://www.usna.edu/homepage.php,"Annapolis, MD","The U.S. Naval Academy educates and commissions future Navy and Marine Corps officers, combining a four-year bachelor of science program with active-duty service as midshipmen. Graduates are prepared to serve with competence, character, and leadership in the naval service.",38.9786401,-76.492786,https://zrwmb79p32.ufs.sh/f/TyYukHBJrHb99gAZz6xwJ8m2Qh01UT4pOlnYjFyrDftsgRo7,,partner,university,,USA,
11/24/25,University of New Orleans Boysie Bollinger School,https://www.uno.edu/,"New Orleans, LA","The Boysie Bollinger School of Naval Architecture and Marine Engineering (NAME) was established to meet local industry demand. It was a natural outgrowth of our resource-rich region and the depth of UNO’s engineering expertise. Since its founding, NAME has continued to grow in size and reputation and we now sit high on the list of select schools in the nation (and the only one in the Gulf region) where students can learn to build ships and other self-sustaining offshore structures.",29.9559145,-90.0730259,https://zrwmb79p32.ufs.sh/f/TyYukHBJrHb9sfJWHvODlpTvANngIt8jBRQ5faE2c6wLheoW,,partner,university,,USA,
11/24/25,SUNY Maritime,https://www.sunymaritime.edu/,"Bronx, NY","Maritime College, part of the State University of New York, is a leading maritime educational institution preparing students for careers in shipping, engineering, naval architecture, and related fields. With a focus on leadership, hands-on learning, and global industry connections, the college offers rigorous academic programs, specialized cadet and traditional pathways, and professional development to shape the next generation of maritime leaders.",40.8466508,-73.8785937,https://zrwmb79p32.ufs.sh/f/TyYukHBJrHb9r9SFADdiRAmDMhLtW5vsSpbKPFE4c8GUoBje,,partner,university,,USA,
11/24/25,Cal Poly Maritime Academy,https://maritime.calpoly.edu/,"Vallejo, CA","Cal Poly Maritime Academy, the only degree-granting maritime academy on the U.S. West Coast, combines classroom learning, leadership training, and global experiences to prepare graduates for immediate career success. Located on San Francisco Bay, the academy immerses students in the maritime industry through real-world programs and partnerships with industry leaders.",38.1040864,-122.2566367,https://zrwmb79p32.ufs.sh/f/TyYukHBJrHb9EvnpqL5MwIGCx7cUiPElg4ZNay9uQDAn3kLs,,partner,university,,USA,
11/24/25,Old Dominion University,https://www.odu.edu/maritime,"Norfolk, VA","Old Dominion University’s Maritime program provides education, research, and innovation to advance the blue economy, supporting workforce development, maritime operations, and sustainability. Home to an autonomous vessel test facility and a Center of Excellence for Domestic Maritime Workforce Training, ODU fosters global partnerships, interdisciplinary research, and leadership in maritime enterprise.",36.8493695,-76.2899539,https://zrwmb79p32.ufs.sh/f/TyYukHBJrHb924EVz3I2dcYKJC6kD4TE0rN1t3PVvXlU9qIm,,partner,university,,USA,
11/24/25,Texas A&M Maritime Academy,https://www.tamug.edu/corps/index.html,"Galveston, TX","Founded in 1962, the Texas A&M Maritime Academy is the only Gulf Coast U.S. maritime academy, training cadets in seamanship, navigation, and engineering through classroom instruction and summer sea terms. Graduates can earn U.S. Coast Guard licenses as deck or engineering officers and pursue careers in the Merchant Marine and marine transportation.",29.3872254,-94.992736,https://zrwmb79p32.ufs.sh/f/TyYukHBJrHb9u9SI20kg62iVvKWrHyC3U1s5Bmpa4fbc9eJF,,partner,university,,USA,
11/24/25,Coast Guard Academy,https://uscga.edu/,"New London, CT","The United States Coast Guard Academy is a top-tier military college offering tuition-free Bachelor of Science degrees and commissioning graduates as Ensigns in the Coast Guard. The Academy develops future leaders through rigorous academics, engineering and professional majors, and preparation for service in safeguarding America’s maritime security and stewardship.",41.3556187,-72.0997804,https://zrwmb79p32.ufs.sh/f/TyYukHBJrHb9RdYfI9ZJ1ckrbl6VT3ZugpMwAeH59GNdmFxS,,partner,university,,USA,
11/24/25,Merchant Marine Academy,https://www.usmma.edu/,"Kings Point, NY","The United States Merchant Marine Academy is a federal service academy training leaders for the nation’s merchant fleet and Armed Forces through a rigorous academic program, Sea Year hands-on experience, and commissioning as licensed officers. Graduates earn a Bachelor of Science, a U.S. Coast Guard license, and an officer’s commission, preparing them to serve national security, maritime commerce, and the global transportation system with integrity and expertise.",40.8197813,-73.7351337,https://zrwmb79p32.ufs.sh/f/TyYukHBJrHb9sKeYaUDlpTvANngIt8jBRQ5faE2c6wLheoWY,,partner,university,,USA,
11/24/25,Maine Maritime Academy,https://mainemaritime.edu/,"Castine, ME","Maine Maritime Academy is a public college in Castine, Maine, offering associate, bachelor’s, and master’s programs in engineering, management, science, and transportation. With hands-on training aboard training ships, commercial vessels, and cooperative education, MMA prepares students for high-demand careers as mariners, engineers, logisticians, and scientists worldwide.",44.3878303,-68.7966248,https://zrwmb79p32.ufs.sh/f/TyYukHBJrHb9Ykct6kde1K6TWqHCS9PaDBMEniotvhfs0U2b,,partner,university,,USA,
11/24/25,University of Maine,https://composites.umaine.edu/,"Orono, ME","The University of Maine’s School of Marine Sciences is a leading center for marine research and education, offering undergraduate and graduate programs in marine sciences, biology, policy, and oceanography. The school combines academic excellence with cutting-edge innovation, including 3D-printed vessels for the U.S. Marine Corps developed at UMaine’s Advanced Structures and Composites Center.",44.883607,-68.672791,https://zrwmb79p32.ufs.sh/f/TyYukHBJrHb9rsJMEJiRAmDMhLtW5vsSpbKPFE4c8GUoBjen,,partner,university,,USA,
11/24/25,UC San Diego,https://ucsd.edu/,"La Jolla, CA","The University of California, San Diego (UCSD) is a public research university in La Jolla, California, offering over 200 undergraduate and graduate programs. Founded in 1960 near Scripps Institution of Oceanography, UCSD serves over 46,000 students on a 2,178-acre campus along the Pacific coast.",32.8401623,-117.2740777,https://zrwmb79p32.ufs.sh/f/TyYukHBJrHb9LEWV26MPpR3vYyNDUJWigKnQ4TVzq8oICutl,,partner,university,,USA,
11/24/25,Great Lakes Maritime Academy,https://www.nmc.edu/maritime/,"Traverse City, MI","The Great Lakes Maritime Academy, Michigan’s state maritime college, trains students to become merchant marine officers and industry professionals through hands-on education aboard training ships and commercial vessels. Cadets gain real-world experience on the Great Lakes and oceans while completing rigorous academic and practical training.",44.7606481,-85.6165976,https://zrwmb79p32.ufs.sh/f/TyYukHBJrHb9OAhx3ETMZYbpqNwmLdcnorHyf74ihz2uJeFE,,partner,university,,USA,
11/24/25,Massachusetts Maritime Academy,https://www.maritime.edu/,"Buzzards Bay, MA","Massachusetts Maritime Academy provides a rigorous education combining academics and a regimented lifestyle to prepare graduates for careers in the merchant marine, military, and global maritime industries. The Academy emphasizes honor, responsibility, discipline, and leadership in service to the Commonwealth, the nation, and the global marketplace.",41.7452589,-70.6154965,https://zrwmb79p32.ufs.sh/f/TyYukHBJrHb9IkPXr1KZhEaBvXqrdcsnUQbVGi3ozJSpCR72,,partner,university,,USA,
11/24/25,AUVSI,https://www.auvsi.org/,"Washington, DC","Since 1972, the Association for Uncrewed Vehicle Systems International (AUVSI) has advanced autonomous and remotely operated transportation technologies by connecting industry professionals, promoting innovation, and shaping policy. As a nonprofit, AUVSI fosters collaboration, market development, and public awareness to safely maximize the benefits of uncrewed systems worldwide.",38.8691306,-77.054076,https://zrwmb79p32.ufs.sh/f/TyYukHBJrHb9QEoV6CyJYZEOsIl2MBSj3qcnwf6LRdND8KPH,,partner,non-profit/association,,USA,
11/24/25,Maritime Venture Capital,https://maritimeventurecapital.com/,"New York, NY","Maritime Venture Capital (MVC) is a platform for institutional investors, VCs, and private equity focused on the maritime sector, providing data, insights, and connections to navigate a rapidly evolving industry. MVC supports smarter investments in shipping, trade, decarbonization, automation, and ocean-based technologies by linking funds, LPs, and founders.",40.7127281,-74.0060152,https://zrwmb79p32.ufs.sh/f/TyYukHBJrHb9PrBDzJfdJbi8IykUfHBTSX6KpFOGsMho720e,,partner,non-profit/association,,USA,
11/24/25,ABS,https://ww2.eagle.org/en.html,"Spring, TX","The American Bureau of Shipping (ABS), founded in 1862, is a leading maritime classification society that promotes safety, environmental protection, and operational integrity through standards for the design, construction, and maintenance of marine and offshore assets. ABS provides global classification services and technical guidance to over 12,000 vessels and offshore facilities worldwide.",30.0795707,-95.4187924,https://zrwmb79p32.ufs.sh/f/TyYukHBJrHb91noLFgjifjngPC02IqYdNo78eDs9Mla63hWk,,partner,non-profit/association,,USA,
11/24/25,Google Ventures,https://www.gv.com/,"San Francisco, CA","GV (Google Ventures) is a venture capital firm supporting innovative startups across AI, life sciences, enterprise software, and frontier technologies, including Blue Water Autonomy. With over $10 billion under management, GV provides funding, strategic guidance, and access to Google and Alphabet resources to help portfolio companies scale globally.",37.7749,-122.4194,https://zrwmb79p32.ufs.sh/f/TyYukHBJrHb9rTCd0ViRAmDMhLtW5vsSpbKPFE4c8GUoBjen,,investor,,,USA,
11/24/25,Eclipse,https://eclipse.capital/,"Palo Alto, CA","Eclipse was founded with a mission to power the Industrial Evolution. Since 2015, we’ve helped entrepreneurs build exceptional companies that make physical industries more efficient, resilient, and profitable",37.4443293,-122.1598465,https://zrwmb79p32.ufs.sh/f/TyYukHBJrHb9ZNabUQtXoxJhbuY5UnB4g3LVHTclvQXjeC7S,,investor,,,USA,
11/24/25,Riot,https://www.riot.vc/,"Venice, CA","Riot Ventures invests in companies using advanced technology to modernize critical industries with a focus on defense, manufacturing, energy, and industrial automation.",33.995044,-118.4668875,https://zrwmb79p32.ufs.sh/f/TyYukHBJrHb9mU6dYqGRAG8zUZWykt3THjc5vFrYwpL7f2EK,,investor,,,USA,
11/24/25,Impatient Ventures,https://www.impatient.vc/,"San Francisco, CA","Impatient Ventures is a pre-Series A-focused fund investing in the mission critical infrastructure for automated bits, automated atoms, and, sometimes, automated bits that automate atoms. We are founders who invest in founders.",37.7749,-122.4194,https://zrwmb79p32.ufs.sh/f/TyYukHBJrHb9ZTW0WnXoxJhbuY5UnB4g3LVHTclvQXjeC7SK,,investor,,,USA,
11/24/25,B Capital,https://b.capital/,"San Francisco, CA","B Capital invests globally in extraordinary founders and businesses shaping the future through technology. With more than $9 billion in assets under management and dedicated stage-based funds, the firm focuses on seed to early- and late-stage venture growth investments, primarily in the technology, healthcare and resilience tech sectors. Founded in 2015, B Capital has an integrated, global team across nine locations in the U.S. and Asia. The firm’s value-add platform, together with the consulting expertise of its strategic partner, The Boston Consulting Group, provides entrepreneurs with the tools and resources to scale quickly and efficiently, expand into new markets and build market-leading businesses. For more information, click here.",37.7749,-122.4194,https://zrwmb79p32.ufs.sh/f/TyYukHBJrHb9CoHnmhp1B0PivhpDZa2etw6EogA93kjGQWf7,,investor,,,USA,
11/24/25,Up.Partners,https://up.partners/,"Santa Monica, CA","The world needs innovation in how people and things move. This is why helping humanity to go UP has always been our North Star at UP.Partners. Over the next 20 years, people and goods will be moving about our world with far more freedom. By investing in the key enabling technologies and services for multi-dimensional mobility, we are helping humanity go UP.",34.0194704,-118.491227,https://zrwmb79p32.ufs.sh/f/TyYukHBJrHb9mChUKZGRAG8zUZWykt3THjc5vFrYwpL7f2EK,,investor,,,USA,
11/24/25,Scout Ventures,https://www.scout.vc/,"Austin, TX","Scout Ventures is an early-stage venture capital firm focused on dual-use critical technologies that solve National Security challenges. Backing mission-driven founders at the forefront of innovation, Scout provides capital, strategic support, and operational expertise to help scale transformative companies. Our investment areas include space & aerospace, autonomy, quantum, AI/ML, and advanced materials. Scout Ventures is driven by a mission to make the world a better, safer place by fostering innovation to advance frontier technologies to build a more resilient, secure, and prosperous future.",30.2711286,-97.7436995,https://zrwmb79p32.ufs.sh/f/TyYukHBJrHb9W8qluYIA1Aj6qipCozhZ8TswruWDQOfJmBxl,,investor,,,USA,
11/24/25,Outlander,https://outlander.vc/,"New York, NY","Where strangers to the status quo, visionary game-changers, & industry disruptors get funded.",40.7127281,-74.0060152,https://zrwmb79p32.ufs.sh/f/TyYukHBJrHb9yXPB4KF7G3BCg9Qf6nKtsAYaqPvHNURyhWDz,,investor,,,USA,
11/24/25,FutureProof,https://hanwhafutureproof.com/hfp-ventures/,"New York, NY","From sustainable energy to cutting-edge aerospace solutions, FutureProof has an ambitious plan for how to accelerate the energy transition for a more sustainable future. Based on our deep sector knowledge and backed by the global experience of our parent company, Hanwha, we have a unique ability to drive real change in the United States and beyond. We develop and scale new sustainable innovations and technologies, and where none exist, we create them",40.7127281,-74.0060152,https://zrwmb79p32.ufs.sh/f/TyYukHBJrHb9mDP5AheGRAG8zUZWykt3THjc5vFrYwpL7f2E,,investor,,,USA,
11/24/25,Squadra,https://www.squadra.vc/,"Baltimore, MD","Squadra Ventures is a venture capital firm led by founder-operators that invests in early stage cyber and national security companies advancing the critical edge. Grounded in the belief that success is a combination of people, product, and planning, the Squadra team provides transformational support to startup leaders in the complex dual-use technology ecosystem. By applying a growth-stage mindset at the seed stage and a commitment to building alongside entrepreneurs, Squadra empowers extraordinary teams to win and leave a lasting positive impact on the world.",39.2908816,-76.610759,https://zrwmb79p32.ufs.sh/f/TyYukHBJrHb9r9mXVFciRAmDMhLtW5vsSpbKPFE4c8GUoBje,,investor,,,USA,
11/24/25,Dauntless,https://dauntlessvc.com/,"San Diego, CA","Dauntless Ventures invests in founders developing dual-use technologies that enhance America’s security, resilience, and industrial capabilities. The firm focuses on aerospace, autonomous systems, advanced manufacturing, biotech, next-gen power, materials, and cybersecurity, supporting innovations with both national and commercial impact.",32.7174202,-117.162772,https://zrwmb79p32.ufs.sh/f/TyYukHBJrHb9SFoPdOvNfBYn0XSJZrqgtC4Pvb5kQIxUEL2h,,investor,,,USA,
11/24/25,In-Q-Tel,https://www.iqt.org/,"Arlington, VA","IQT is the not-for-profit strategic investor the U.S. national security community and America’s allies have relied upon for over 25 years to anticipate their technology questions and needs and achieve solutions. IQT identifies, evaluates, and leverages emerging commercial technologies to deliver best-in-class capabilities, insights, and other services to government partners through a unique global investment platform.",38.8769326,-77.0893094,https://zrwmb79p32.ufs.sh/f/TyYukHBJrHb9TFTQNYBJrHb9OjuoeFLcxA0tYQ2NVfysPUdg,,investor,,,USA,
11/24/25,Shield Capital,https://shieldcap.com/,"San Francisco, CA","Shield Capital is a team of veteran investors, founders and national security leaders who are helping founders build frontier solutions in cybersecurity, artificial intelligence, space & autonomy for commercial and government enterprises.",37.7749,-122.4194,https://zrwmb79p32.ufs.sh/f/TyYukHBJrHb9J7KmBzxuPSKyOC940B51LYtbdgifcsEHhl3F,,investor,,,USA,
11/24/25,Aero X Ventures,https://www.axv.vc/,"Los Angeles, CA","Aero X Ventures is an early-stage venture firm investing in next-generation Aerospace & Defense technologies, including autonomous systems, AI, advanced manufacturing, and cybersecurity. The firm supports companies with dual-use applications, helping them scale solutions for both military and commercial markets while optimizing strategy and growth.",33.995044,-118.4668875,https://zrwmb79p32.ufs.sh/f/TyYukHBJrHb9r6dkZMiRAmDMhLtW5vsSpbKPFE4c8GUoBjen,,investor,,,USA,
11/24/25,Chevron Technology Ventures,https://www.chevron.com/what-we-do/technology-and-innovation/technology-ventures,"Houston, TX","Chevron Technology Ventures (CTV) invests in startups and external innovations that enhance Chevron’s core energy business through operational improvements, digitalization, and lower-carbon solutions. Since 1999, CTV has supported over 100 companies alongside more than 300 co-investors to advance cleaner, more reliable, and efficient energy technologies.",29.7589382,-95.3676974,https://zrwmb79p32.ufs.sh/f/TyYukHBJrHb9xEJXcmtQBP8pSHjcbWgl2CE5Ddqm0azT1AkF,,investor,,,USA,
11/24/25,Geekdom Fund,https://geekdomfund.com/,"San Antonio, TX","Geekdom Fund is a venture capital fund that invests in early stage tech startups led by the strongest founders. Our partners are in the trenches with our companies. From weekly calls to biannual deep dives, we are always looking for ways to help out our portfolio companies. Whether it be pitch meetings, talents referrals, or grant writings.",29.4246002,-98.4951405,https://zrwmb79p32.ufs.sh/f/TyYukHBJrHb9x3GHfFmtQBP8pSHjcbWgl2CE5Ddqm0azT1Ak,,investor,,,USA,
11/24/25,Decisive Point,https://www.decisivepoint.com/,"Greenwich, CT","Decisive Point is a venture capital firm investing in deep-tech innovations for security, health, energy, and infrastructure. Our mission is to support the people solving tomorrow’s toughest challenges. We amplify outcomes by pairing thoughtful capital allocation with expertise in public R&D funding and navigating the federal market.",41.0264862,-73.6284598,https://zrwmb79p32.ufs.sh/f/TyYukHBJrHb9NOBMhknCHOZjMeUTQyhknwcFPf8EG4xrS7YW,,investor,,,USA,
11/24/25,New North Ventures,https://www.newnorthvc.com/,"Portsmouth, NH",New North Ventures is a venture capital firm focused on technologies that both provide solutions to our national security threats and help commercial interests create enterprise value. We leverage leading edge innovation to create partnerships with our portfolio companies to drive strategic value.,43.0751306,-70.7601826,https://zrwmb79p32.ufs.sh/f/TyYukHBJrHb9UjuerqLwxzAmDr8OvGiyJTeEdWbpLfZ47cYI,,investor,,,USA,
11/24/25,Trousdale Ventures,https://trousdale.vc/,"Los Angeles, CA","Trousdale Ventures is a venture capital investment firm led by founder and CEO Phillip Sarofim. Its portfolio of groundbreaking companies improves quality of life by fueling advances in space and mobility, climate tech and technology-driven health and wellness. Trousdale Ventures seeks to overcome barriers in the fields of health, productivity and sustainability by democratizing wellness and accelerating innovation.",33.995044,-118.4668875,https://zrwmb79p32.ufs.sh/f/TyYukHBJrHb9DSWcED6PFHPydTYRlvfXViMua2E7mGQIW0rJ,,investor,,,USA,
11/24/25,The Veteran Fund,https://www.veteran.fund/,"San Francisco, CA",The Veteran Fund is an early-stage venture capital firm that invests in high-growth technology startups led by exceptional founders from the military community.,37.7749,-122.4194,https://zrwmb79p32.ufs.sh/f/TyYukHBJrHb9siPopKDlpTvANngIt8jBRQ5faE2c6wLheoWY,,investor,,,USA,
11/24/25,BV.VC,http://bv.vc/,"Chicago, IL","BVVC is a venture capital fund that invests in mission-driven founders developing advanced software, hardware, and manufacturing technologies with both commercial and national security applications. The firm provides early-stage funding and access to Special Operations and key commercial partners to accelerate innovation that reinforces America’s technological leadership.",41.8755616,-87.6244212,https://zrwmb79p32.ufs.sh/f/TyYukHBJrHb90nSCHchWvyNVDPCGHZBtn6fTgdrua5YXSjUO,,investor,,,USA,
11/24/25,MVP Ventures,https://www.mvp-vc.com/,"Menlo Park, CA","MVP Ventures was founded in 2020 with the realization that a rethought model for venture investing could unlock significantly greater returns. With the help of our proprietary data-driven sourcing engine and value-add focus, we invest as the 2nd-largest check into early-stage deeptech teams building differentiated and defensible technology across software and hardware — with no ownership restrictions.",37.4519671,-122.177992,https://zrwmb79p32.ufs.sh/f/TyYukHBJrHb9B257agUWFvpMVi3RK9IPueSYxqJsLEdnUGQT,,investor,,,USA,
11/24/25,DTN Ventures,https://dtnventures.com/,"New Haven, CT","DTN Ventures is a founder-focused venture firm investing in early-stage companies across media, logistics, infrastructure, telecom, technology, renewable resources, and energy. With a team of experienced entrepreneurs, DTN empowers founders to scale businesses aligned with long-term trends without pressure from arbitrary exit timelines.",41.3082138,-72.9250518,https://zrwmb79p32.ufs.sh/f/TyYukHBJrHb93rtJju8YAPn8DyHaJqhVBOZXSj74Wo9kGpz0,,investor,,,USA,
11/24/25,Sea Ahead Blue Angels,https://www.sea-ahead.com/investments/#blueangels,"Cambridge, MA","The Blue Angels are accredited investors focused on seed and Series A Bluetech startups, seeking strong ROI alongside positive environmental impact. Their interests span ocean intelligence, coastal resilience, aquaculture, renewable energy, shipping digitization, and sustainable ocean technologies.",42.3656347,-71.1040018,https://zrwmb79p32.ufs.sh/f/TyYukHBJrHb91pPKfsjifjngPC02IqYdNo78eDs9Mla63hWk,,investor,,,USA,
11/24/25,TiE Houston Angels,https://houston.tie.org/programs/tie-houston-angels/,"Houston, TX","TiE Houston Angels invest in seed and Series A rounds for U.S.-based startups with proven product-market fit across enterprise software, cleantech, AI/ML, robotics, semiconductors, fintech, energy, digital health, and more. Investments typically range from $100K–$1.5M, with each company supported by a lead investor during due diligence.",29.7589382,-95.3676974,https://zrwmb79p32.ufs.sh/f/TyYukHBJrHb9Yim5EwKde1K6TWqHCS9PaDBMEniotvhfs0U2,,investor,,,USA,
11/24/25,BOLD Capital Partners,https://boldcapitalpartners.com/,"Santa Monica, CA","Early stage venture investing in life sciences, healthcare and frontier tech",34.0194704,-118.491227,https://zrwmb79p32.ufs.sh/f/TyYukHBJrHb9v2M1PaWyO1bT5gvD7icLBZVz4xRA3oCKj8Jp,,investor,,,USA,
11/24/25,Propeller Ventures,https://propellervc.com/,"Boston, MA",Propeller invests in early-stage climate-tech companies in connection to the sea.,42.360081,-71.058884,https://zrwmb79p32.ufs.sh/f/TyYukHBJrHb98PUWRTqasS5WmYXDdzgKnTp70ARCGfkr4bBF,,investor,,,USA,
11/24/25,Never Lift,https://www.neverlift.vc/,"New York, NY","Early stage venture capital fund investing in Logistics, Mobility, and Critical Infrastructure",40.7127281,-74.0060152,https://zrwmb79p32.ufs.sh/f/TyYukHBJrHb9tQ2oDZ98eGEwYNBV0FAn4Cb2xM5ZhpRKIlfi,,investor,,,USA,
11/24/25,Encourage Capital,https://encouragecapital.com/,"New York, NY","Encourage Capital, recently formed by the merger of EKO Asset Management Partners and Wolfensohn Fund Management, is an asset management firm focused on profitable and strategic investments to solve critical social and environmental problems. Systemic problems require systemic solutions, and we are building a community of investors, foundations, market leading companies and non-profits to address some of the world’s most challenging issues while generating financial returns for our investors.",40.7127281,-74.0060152,https://zrwmb79p32.ufs.sh/f/TyYukHBJrHb99X10kAxwJ8m2Qh01UT4pOlnYjFyrDftsgRo7,,investor,,,USA,
11/24/25,Lux Capital, https://www.luxcapital.com/companies/ ,"New York, NY","Lux Capital is a venture capital firm investing in emerging science and technology at the outermost edges of what is possible. They partner with iconoclastic inventors who challenge the status quo and the laws of nature to bring their futuristic ideas to life. Over the past two decades, Lux has expanded from its New York City roots to Silicon Valley, and built a $5+ billion AUM firm of more than 30 full-time professionals, with a wide spectrum of technical backgrounds and the versatility to invest at any stage.",40.7127281,-74.0060152,https://zrwmb79p32.ufs.sh/f/TyYukHBJrHb935HSZ5YAPn8DyHaJqhVBOZXSj74Wo9kGpz0C,,investor,,,USA,
11/24/25,Michigan Capital Network (MCN Ventures),https://michigancapitalnetwork.com/,"Grand Rapids, MI","MCN Ventures is one of Michigan’s most active and consistent investment organizations. We aim to build world-class companies and entrepreneurial talent through investment and mentoring. We are only successful if the people with whom we invest are successful. Our group is committed to utilizing our financial, intellectual, and networking resources to help our portfolio companies achieve more. Our commitment is to grow strong entrepreneurs and companies in the Midwest region and beyond.",42.9632425,-85.6678639,https://zrwmb79p32.ufs.sh/f/TyYukHBJrHb9S8Fo7tvNfBYn0XSJZrqgtC4Pvb5kQIxUEL2h,,investor,,,USA,
11/24/25,Obvious Ventures,https://obvious.com/,"San Francisco, CA","Venture capital for startups reimagining trillion-dollar industries through a world positive lens.",37.7749,-122.4194,https://zrwmb79p32.ufs.sh/f/TyYukHBJrHb9IpZfkyeKZhEaBvXqrdcsnUQbVGi3ozJSpCR7,,investor,,,USA,
11/24/25,Rockefeller Capital Management - Ocean Strategy,https://oceanfdn.org/?supporter=rockefeller-capital-management,"New York, NY","Rockefeller Capital Management combines the legacy of the Rockefeller family with innovative financial solutions, providing wealth, asset, and investment management to individuals, families, businesses, and institutions. Founded in 1882 as John D. Rockefeller’s family office, the firm delivers strategic advice and unique access to opportunities for high-net-worth clients.",40.7127281,-74.0060152,https://zrwmb79p32.ufs.sh/f/TyYukHBJrHb9Z5uff8XoxJhbuY5UnB4g3LVHTclvQXjeC7SK,,investor,,,USA,
11/24/25,S2G Investments Ocean Fund,https://www.s2ginvestments.com/strategy/oceans,"Chicago, IL","S2G is a multi-stage investment firm focused on venture and growth-stage businesses across food & agriculture, oceans, and energy. The firm provides capital and value-added resources to companies and leadership teams pursuing market-based solutions designed to deliver greater value, improved outcomes, and enhanced performance over traditional alternatives. With a commitment to creating long-term, measurable outcomes, S2G structures flexible capital solutions that can range from venture funding through growth equity to debt and infrastructure financing.",41.8755616,-87.6244212,https://zrwmb79p32.ufs.sh/f/TyYukHBJrHb9U5bIpFLwxzAmDr8OvGiyJTeEdWbpLfZ47cYI,,investor,,,USA,
11/24/25,Social Capital,https://www.socialcapital.com/,"Menlo Park, CA","At Social Capital, we make big bets on transformational ideas, technology, and people. We strategically invest in smart, profit-minded opportunities and forward-thinking social investments that have the potential to shape a better future. Social Capital invests from a balance sheet of permanent capital to support entrepreneurship at all stages.",37.4519671,-122.177992,https://zrwmb79p32.ufs.sh/f/TyYukHBJrHb9ymuBAeF7G3BCg9Qf6nKtsAYaqPvHNURyhWDz,,investor,,,USA,
11/24/25,Starlight Ventures,https://starlight.vc/,"Miami, FL","Starlight is a Miami-based venture capital firm investing early in founders tackling global challenges through breakthrough science and technology. Focused on reconciling economic growth with human and planetary wellness, Starlight partners with seed-stage entrepreneurs to scale impactful solutions.",25.7741566,-80.1935973,https://zrwmb79p32.ufs.sh/f/TyYukHBJrHb93fqNuJYAPn8DyHaJqhVBOZXSj74Wo9kGpz0C,,investor,,,USA,
11/24/25,TPG Rise Fund,https://www.tpg.com/platforms/impact/the-rise-funds,"San Francisco, CA","The Rise Funds, founded in 2016, invest in growth-stage, mission-driven companies that generate positive societal impact while delivering strong financial returns. Leveraging TPG’s global network, impact analytics, and strategic expertise, the funds support nearly 100 portfolio companies across industries to achieve meaningful outcomes.",37.7749,-122.4194,https://zrwmb79p32.ufs.sh/f/TyYukHBJrHb9dtsMASrxGuWpzEbND8tm0Zea1KJOF2iUwn5r,,investor,,,USA,
12/2/25,Ocean Power Technologies,https://oceanpowertechnologies.com/,"Monroe Township, NJ","OPT provides intelligent maritime solutions and services that enable safer, cleaner, and more productive ocean operations for the defense and security, oil and gas, science and research, and offshore wind markets.",40.3209,-74.4522,https://zrwmb79p32.ufs.sh/f/TyYukHBJrHb9E2zw9o5MwIGCx7cUiPElg4ZNay9uQDAn3kLs,,company,usv platform,Mid-Tier,USA,TRUE
12/2/25,Sofar Ocean,https://www.sofarocean.com/,"San Francisco, CA","Sofar Ocean is the leading ocean intelligence platform, closing the data gap for better predictability and outcomes. We’ve built the world’s largest real-time ocean network, turning billions of measurements into insights trusted by scientists, governments, and shipping fleets. Our technology makes the ocean more predictable and sustainable, helping customers save costs, cut emissions, and unlock insights that were once out of reach.",37.7749,-122.4194,https://zrwmb79p32.ufs.sh/f/TyYukHBJrHb9uZIqaYkg62iVvKWrHyC3U1s5Bmpa4fbc9eJF,,company,usv platform,,USA,
12/2/25,Ulysses Ecosystem Engineering,https://www.ulysses.inc/,"San Francisco, CA","Ulysses is a technology company on a mission to steward the ocean for an abundant future. Our oceans are in trouble; we’ve neglected them, and we allow bad actors to misuse them. Ulysses builds and operates networks of autonomous vehicles to keep our oceans safe, healthy and prosperous. We're developing autonomous underwater drones, robotics, and AI systems to solve critical problems in ocean conservation, offshore infrastructure, and maritime security. We are a seed-stage company backed by top VCs like Lowercarbon Capital, Superorganism and ReGen Ventures.",37.7749,-122.4194,https://zrwmb79p32.ufs.sh/f/TyYukHBJrHb9sfkWqznDlpTvANngIt8jBRQ5faE2c6wLheoW,,company,usv platform,Startup,USA,
12/2/25,Eureka Naval Craft,www.eureka.navy,"Houston, TX","Eureka Naval Craft is a U.S. based maritime and defense innovation company. Eureka’s suite of groundbreaking non-ITAR next-generation naval defense and coast guard vessels, designed with ESNA Naval Architect’s advanced Surface Effect Ship (SES) technology, deliver high-speed, multi-role capabilities - leveraging proven innovations from the offshore energy sector.",29.7589382,-95.3676974,https://zrwmb79p32.ufs.sh/f/TyYukHBJrHb9IaA1TSKZhEaBvXqrdcsnUQbVGi3ozJSpCR72,,company,usv platform,Startup,USA,TRUE
12/2/25,TacOps,https://www.tacopsmaritime.com,"Tampa, FL","TacOps Maritime Systems builds low-visibility, high-performance USVs built for the Department of War and allied Nations.",27.9517,-82.4588,https://zrwmb79p32.ufs.sh/f/TyYukHBJrHb9SFKzS6vNfBYn0XSJZrqgtC4Pvb5kQIxUEL2h,,company,usv platform,,USA,
12/2/25,Bristlemouth,https://www.bristlemouth.org/,,"Bristlemouth is an open standard delivering plug-and-play hardware interfaces for marine applications. It ushers in a new era of ocean innovation by accelerating the development of scalable ocean sensing systems and applications. By closing the ocean data gap at a rapid pace, Bristlemouth significantly impacts climate understanding, coastal resilience, and every major ocean industry.",,,https://zrwmb79p32.ufs.sh/f/TyYukHBJrHb9MeWKpsVf29VYhcAqo4DuQiJxLTybge06RCHd,,partner,framework,,,
12/2/25,Surfbee,surfbee.io,"East Albury, Australia","Founded in 2016 as a Firetail Robotics Australia venture, Surfbee has emerged as a leader in innovative unmanned marine and aquatic robotic solutions. Our mission is to revolutionize the water sector with cost-effective, adaptable tools designed for various water measurements.",-36.0836038,146.9301371,https://zrwmb79p32.ufs.sh/f/TyYukHBJrHb9bvP4x5pYiXx1jKWksG90v3rodDtT4zL6nyw7,,company,usv platform,,Australia,TRUE
12/2/25,Danu Venture Group,http://danuvg.com/,"New York, NY",Danu Venture Group is a General Partnership that identifies and creates early-stage investment opportunities.,40.7127281,-74.0060152,https://zrwmb79p32.ufs.sh/f/TyYukHBJrHb9bHBZKxpYiXx1jKWksG90v3rodDtT4zL6nyw7,,investor,,,USA,
12/2/25,Seafloor Systems,www.seafloorsystems.com,"Shingle Springs, CA","Seafloor Systems, Inc. provides total solutions for the hydrographic survey industry. We carry a full spectrum of equipment, software, and personnel to ensure the success of our customers. Specializing in the geophysical sector, we support survey companies worldwide. We develop, manufacture, and sell turnkey, portable solutions.",38.671387,-120.9405447,https://zrwmb79p32.ufs.sh/f/TyYukHBJrHb9WfpsDEA1Aj6qipCozhZ8TswruWDQOfJmBxlY,,company,usv platform,Mid-Tier,USA,
12/2/25,"NSWC Carderock, Det Norfolk",https://www.navsea.navy.mil/Home/Warfare-Centers/NSWC-Carderock/Who-We-Are/Norfolk-Virginia/,"West Bethesda, MD","Naval Surface Warfare Center Carderock Division (NSWCCD) consists of approximately 3,200 scientists, engineers and support personnel working in more than 40 disciplines ranging from fundamental science to applied/in-service engineering. We are the Navy's experts for maritime technology and currently house world-class facilities and laboratories. As a major component and field activity of the Naval Sea Systems Command, the Carderock Division provides cradle-to-grave support for its technical products over an enormous range of scientific areas related to surface and undersea platforms.",39.0650481,-77.1842975,https://zrwmb79p32.ufs.sh/f/TyYukHBJrHb9rrNzGFiRAmDMhLtW5vsSpbKPFE4c8GUoBjen,,government,military,,USA,
12/2/25,SubSeaSail,https://subseasail.com/,"San Diego, CA","SSS has 11 issued, 8 pending and 4 provisional patents related to the design and manufacture of two lines of disruptively affordable, 100% energy harvesting (wind + solar), long-duration Autonomous Undersea & Surface Vehicles (AUSVs). One is the HORUS® semi-submersible for ISR/observation and the other is the fast HERMES® trimaran for cargo/energy delivery to the harbor of shore. SSS will be taking orders for submerging HORUS in Q4 calendar 2025 for delivery beginning in Q2 2026. Contact CEO Michael Jones if you are interested to know more",32.7174202,-117.162772,https://zrwmb79p32.ufs.sh/f/TyYukHBJrHb9vP0gvAWyO1bT5gvD7icLBZVz4xRA3oCKj8Jp,,company,usv platform,Startup,USA,
12/2/25,401 Tech Bridge,401techbridge.org,"Middletown, RI","Our mission is to be the intersection between businesses, government agencies and programs, and academic institutions, accelerating the development of new technologies in the blue economy (blue tech), and stimulating economic growth for the state of Rhode Island.",41.5524601,-71.2704553,https://zrwmb79p32.ufs.sh/f/TyYukHBJrHb9al1EKtYNGFgVJsw0xbPjSHfyBmc1Dv8kMaYO,,partner,non-profit/association,,USA,
12/2/25,Sea.AI,SEA.AI,"Linz, Austria",SEA.AI (formerly known as OSCAR) combines optical sensors and artificial intelligence to detect floating objects on your course. SEA.AI automatically assesses the risk of collision in real time and warns you of any potential danger. SEA.AI significantly enhances your safety and that of your crew.,48.3059078,14.286198,https://zrwmb79p32.ufs.sh/f/TyYukHBJrHb9raPNgyiRAmDMhLtW5vsSpbKPFE4c8GUoBjen,,company,autonomy provider,Startup,Austria,
12/2/25,Fathom Robotics,www.fathomrobotics.net,"Portland, ME","Fathom Robotics provides turnkey operations, maintenance, and piloting support for maritime autonomous systems, ensuring mission-ready performance through standardized, safe, and environmentally responsible procedures. They also deliver high-fidelity threat-replication services using modified uncrewed vessels to help military and test-range customers train, evaluate tactics, and strengthen readiness against emerging autonomous threats.",43.6573605,-70.2586618,https://zrwmb79p32.ufs.sh/f/TyYukHBJrHb9D1a191PFHPydTYRlvfXViMua2E7mGQIW0rJo,,company,autonomy provider,Startup,USA,
12/2/25,The Whiskey Project Group,https://www.thewhiskeyprojectgroup.us/,"Edenton, NC","Since its origins, The Whiskey Project Group has emerged as a leader in the maritime industry, recognised for its expertise in naval architecture and engineering innovative, purpose-built watercraft. Backed by a network of expert marine technology partners, we seamlessly integrate international maritime special operations acumen with over 50 years of business excellence in maritime design, engineering, and manufacturing across Australia, New Zealand and the United States of America",36.057938,-76.6077213,https://zrwmb79p32.ufs.sh/f/TyYukHBJrHb9M1y4nBVf29VYhcAqo4DuQiJxLTybge06RCHd,,company,usv integrator,Mid-Tier,USA,
12/2/25,The Marvin Group,https://marvingroup.com/,"Inglewood, CA","The Marvin Group is a vertically integrated aerospace and defense manufacturer based in Southern California, comprising Marvin Engineering Co., Marvin Test Solutions, and Marvin Land Systems. Together, these units deliver advanced aircraft armament equipment, high-reliability test systems, and customized power and thermal management solutions for air, land, and maritime platforms, supporting major programs like the F-35 and M1A2 Abrams with innovative, mission-ready technologies.",33.9562003,-118.353132,https://zrwmb79p32.ufs.sh/f/TyYukHBJrHb9ixtTEhAeSBIz1rRXYm2e3Wb5EZxqaGvVs86c,,company,payload,Mid-Tier,USA,
12/2/25,Edge Defence Pty Ltd,www.edge-defence.com,"Auckland, New Zealand","We are a 100% New Zealand owned and operated company specialising in advanced mission crititical solutions for the Defence sector. Our expertise spans requirements development, design & integration, supply and through life support ensuring operational readiness across all theatres of modern Defence.",-36.852095,174.7631803,https://zrwmb79p32.ufs.sh/f/TyYukHBJrHb9Pz3K9RfdJbi8IykUfHBTSX6KpFOGsMho720e,,company,usv platform,Startup,New Zealand,