lat,lng,company_name,product,contract_amount,start_date,city,state,contract_id,company_uei,source,company_url
19.6531,-155.9798,TRIDENTIS ADVANCED MARINE VEHICLES LLC,SMALL BUSINESS INNOVATIVE RESEARCH (SBIR) PHASE III PROJECT TO OPERATE UNMANNED SURFACE VEHICLE THE ADVANCED COASTAL MONITOR (ACM) IN THE CHESAPEAKE BAY AND POTOMOC RIVER,15000.0,2020-07-31,KAILUA KONA,HI,CONT_AWD_1305M220PNCNS0409_1330_-NONE-_-NONE-,HKGLZVNXRN29,USASpending,
39.7313,-104.9811,EXAIL INC,THE PURPOSE OF THIS ACQUISITION IS TO PURCHASE AN UNCREWED SURFACE VEHICLE (USV) FOR THE NOAA NATIONAL OCEAN SERVICE,2546795.91,2021-09-21,DENVER,CO,CONT_AWD_1305M221PNCNJ0370_1330_-NONE-_-NONE-,DYB6KE7AEBZ4,USASpending,
37.7827138,-122.3051923,SAILDRONE INC,OMAO UNCREWED MARINE SYSTEMS (UMS) - HURRICANE OBSERVATIONS USING UNMANNED SURFACE VEHICLES (USVS),6075054.59,2023-05-02,ALAMEDA,CA,CONT_AWD_1305M223FNMAN0094_1330_47QTCA22D0097_4732,DR4UE3MCD3K7,USASpending,
39.7413025,-104.9860126,EXAIL INC,"NOAA/OMAO/UXSOC, PURCHASE OF USV DRIX",6309296.2,2023-08-21,DENVER,CO,CONT_AWD_1305M223PNMAN0254_1330_-NONE-_-NONE-,DYB6KE7AEBZ4,USASpending,
39.1116251,-77.5568844,LYNKER CORPORATION,THE UMSD REQUIRES CONTRACTOR SUPPORT SERVICES TO PROVIDE FOR TRAINING SERVICES AND OPERATION ASSISTANCE FOR THE CURRENT FLEET OF USV; AND FUTURE USVS ADDED TO THE FLEET. THE SUPPORT SERVICES INCLUDE: (1) DEVELOPING AND TRAINING NOAA PERSONNEL FOR OPE,181293.2,2024-08-15,LEESBURG,VA,CONT_AWD_1305M224F0362_1330_1305M224D0010_1330,MCLPKDBCDKY7,USASpending,
39.1116251,-77.5568844,LYNKER CORPORATION,"OMAO, UXSOC, UMSD REQUIRES CONTRACTOR MISSION CRITICAL SUPPORT SERVICES FOR MAINTENANCE, OPERATION AND TRAINING SUPPORT SERVICES FOR THE CURRENT FLEET OF EXAIL INC. (EXAIL) DRIX USV; AND FUTURE EXAIL DRIX USVS ADDED TO THE FLEET.",685382.68,2025-03-17,LEESBURG,VA,CONT_AWD_1305M225F0117_1330_1305M224D0010_1330,MCLPKDBCDKY7,USASpending,
37.7827138,-122.3051923,SAILDRONE INC,UNMANNED SURFACE VEHICLE ALASKA SURVEY,508950.0,2020-05-06,ALAMEDA,CA,CONT_AWD_1305M320FNFFS0072_1330_1305M418DNFFK0006_1330,DR4UE3MCD3K7,USASpending,
37.7827138,-122.3051923,SAILDRONE INC,KING CRAB TRACKING SURVEYS WITH UNMANNED SURFACE VEHICLES (USV),158952.0,2020-08-05,ALAMEDA,CA,CONT_AWD_1305M320FNFFS0149_1330_1305M418DNFFK0006_1330,DR4UE3MCD3K7,USASpending,
37.7827138,-122.3051923,SAILDRONE INC,TROPICAL PACIFIC OBSERVING SYSTEM (TPOS)-2020 UNMANNED SURFACE VEHICLES (USV) SERVICES MISSION,422502.4,2020-08-05,ALAMEDA,CA,CONT_AWD_1305M320FNRMA0104_1330_DOCRA133R16CQ0049_1330,DR4UE3MCD3K7,USASpending,
37.7827138,-122.3051923,SAILDRONE INC,NORTH PACIFIC WINTER STORM USV MISSION SAILING DAYS,146461.0,2020-08-27,ALAMEDA,CA,CONT_AWD_1305M320FNRMA0131_1330_1305M418DNFFK0006_1330,DR4UE3MCD3K7,USASpending,
37.7827138,-122.3051923,SAILDRONE INC,UNMANNED SURFACE VEHICLE SURVEY SUPPORT,185640.0,2021-07-30,ALAMEDA,CA,CONT_AWD_1305M321FNFFP0128_1330_1305M418DNFFK0006_1330,DR4UE3MCD3K7,USASpending,
37.7827138,-122.3051923,SAILDRONE INC,UNMANNED SURFACE VEHICLE SURVEY,387192.0,2021-04-21,ALAMEDA,CA,CONT_AWD_1305M321FNFFR0051_1330_1305M418DNFFK0006_1330,DR4UE3MCD3K7,USASpending,
37.7827138,-122.3051923,SAILDRONE INC,UNMANNED SURFACE VEHICLE ANNUAL SURVEY SOUTHWEST FISHERIES SCIENCE CENTER,280154.0,2022-06-09,ALAMEDA,CA,CONT_AWD_1305M322FNFFR0098_1330_1305M418DNFFK0006_1330,DR4UE3MCD3K7,USASpending,
37.7827138,-122.3051923,SAILDRONE INC,UNMANNED SURFACE VEHICLE 23 SURVEY WITH SOUTHWEST FISHERIES SCIENCE CENTER,492450.0,2022-09-01,ALAMEDA,CA,CONT_AWD_1305M322FNFFR0191_1330_1305M418DNFFK0006_1330,DR4UE3MCD3K7,USASpending,
39.7413025,-104.9860126,EXAIL INC,"STARLINK INSTALLATION, INTEGRATION AND SPARE PARTS ON A DRIX USV",65976.0,2023-06-01,DENVER,CO,CONT_AWD_1305M323PNFFS0324_1330_-NONE-_-NONE-,DYB6KE7AEBZ4,USASpending,
42.509093,-70.8554903,SEATRAC SYSTEMS INC,THE PURPOSE OF THIS PROCUREMENT IS TO PURCHASE SEATRAC USV SYSTEM TO BE DEPLOYED IN THE FEDERATED STATES OF MICRONESIA (FSM) AS PART OF THE PROJECT FSM TESTBED SUPPORTED BY THE US DEPARTMENT OF STATE,196840.0,2024-09-12,MARBLEHEAD,MA,CONT_AWD_1305M324P0488_1330_-NONE-_-NONE-,FQVWQABUZ961,USASpending,
30.4224,-97.7967,GIT SATELLITE LLC,IRIDIUM SATELLITE DATA SERVICES SUBSCRIPTION FOR THE NOAA RESEARCH VESSEL OSCAR DYSON FOR DEPLOYMENT OF DRIX UNMANNED SURFACE VEHICLES IN ACOUSTIC HYDROGRAPHIC RESEARCH.,32580.15,2023-01-01,AUSTIN,TX,CONT_AWD_1333MK23FNMAN0003_1330_GS35F0404U_4730,C2JGH9J53GG7,USASpending,
39.6564321,-78.7690516,"CARON EAST, INC.",REMOTE CONTROL SURVEY BOAT (USV) AND ASSOCIATED PERIPHERALS,22754.4,2021-05-13,CUMBERLAND,MD,CONT_AWD_69056721F000071_6925_GS07F207CA_4732,LDHDUCYYKGN4,USASpending,
40.2993,-105.1055,AGILE RF SYSTEMS LLC,SMALL BUSINESS INNOVATION RESEARCH PHASE II: MICRO AIRBORNE TARGET OBSERVATION RADAR FROM UNMANNED SURFACE VEHICLES,749999.4,2021-06-15,BERTHOUD,CO,CONT_AWD_FA248721C0010_9700_-NONE-_-NONE-,GLEASY99FMJ9,USASpending,
40.1245,-75.3304,ASYLON INC,INTEGRATING UNMANNED SURFACE VEHICLES INTO ASYLON DRONE CORE ROBOTIC PERIMETER SECURITY PLATFORM TO SECURE AIR BASES WITH MARITIME BOUNDARIES,74975.0,2023-12-12,EAST NORRITON,PA,CONT_AWD_FA864924P0346_9700_-NONE-_-NONE-,C8XKHPPEX9Y4,USASpending,
39.0267949,-77.5084814,SPATIAL INTEGRATED SYSTEMS INC,"IGF::CT::IGF AUTONOMOUS UNMANNED SURFACE VEHICLE (USV) DESIGN, PRODUCTION AND DEMONSTRATION THROUGH THE SEA MOB PROJECT",4798858.25,2015-12-11,BROADLANDS,VA,CONT_AWD_FA872616C0001_9700_-NONE-_-NONE-,PR5MRFMCH3W7,USASpending,
33.8487705,-84.348654,ATT MOBILITY LLC,DATT002342EBM O PROCURE (FIVE) 5 AT&T NIGHTHAWK LTE HOTSPOTS FOR U.S. NAVY (USN) UNMANNED SURFACE VESSEL DIVISION ONE (USVDIV-1) WITH DEVICES AND SERVICES,5509.43,2023-05-12,ATLANTA,GA,CONT_AWD_HC108423FA846_9700_HC108421A0001_9700,P2S7GZFBCSJ1,USASpending,
33.8487705,-84.348654,ATT MOBILITY LLC,DATT002810EBM TO PROCURE (ONE) 1 AT&T NIGHTHAWK LTE HOTSPOT FOR U.S. NAVY (USN) UNMANNED SURFACE VESSEL DIVISION ONE (USVDIV-1) WITH DEVICES AND SERVICES,1870.71,2023-12-15,ATLANTA,GA,CONT_AWD_HC108424FA263_9700_HC108421A0001_9700,P2S7GZFBCSJ1,USASpending,
39.0496,-77.1204,FCN INC,FCNI001124EBM TO PROCURE ONE WINDAR DEVICES IN SUPPORT OF U.S. NAVY (USN) UNMANNED SURFACE VESSEL DIVISION ONE (USVDIV-1):,1788.0,2024-01-15,ROCKVILLE,MD,CONT_AWD_HC108424FA264_9700_NNG15SC71B_8000,JEANDJTZ8HJ3,USASpending,
33.9139692,-118.3883211,RAYTHEON COMPANY,"CET 19-986, UNMANNED SURFACE VEHICLE REMOTE DEPLOYMENT STUDIES",956452.0,2019-09-24,EL SEGUNDO,CA,CONT_AWD_HQ072719F1638_9700_HQ072716D0006_9700,QF4VA87ST9F7,USASpending,
38.9839,-77.3675,SERCO INC,"NO MANNING REQUIRED SHIP (NOMARS). USING A CLEAN SHEET DESIGN PROCESS, NOMARS AIMS TO REVOLUTIONIZE USVS BY DEVELOPING SHIP ARCHITECTURES AND SYSTEM DESIGNS WITH NO ANTICIPATION OF ANY HUMAN PRESENCE, ACCESS, AND OPERATION OR HABITATION.",11024288.0,2020-09-18,HERNDON,VA,CONT_AWD_HR001120C0153_9700_-NONE-_-NONE-,DKJ1R5ABCN48,USASpending,
42.5912287,-71.3166466,"TRITON SYSTEMS, INC.",CONTESTED LOGISTICS AT SCALE - BRINGING USVS ON AND OFF THE BEACH,274449.0,2024-06-07,CHELMSFORD,MA,CONT_AWD_HR001124C0446_9700_-NONE-_-NONE-,DA91DUWSMSQ7,USASpending,
32.8139944,-116.971843,TREX ENTERPRISES CORPORATION,SMALL BUSINESS INNOVATION RESEARCH PHASE II TOPIC N222-089 CELESTIAL NAVIGATION SYSTEM FOR LONG-RANGE UNMANNED SURFACE VEHICLES,981143.0,2024-07-18,EL CAJON,CA,CONT_AWD_M6785424C6523_9700_-NONE-_-NONE-,RN43FYPYNKP4,USASpending,
21.3074534,-157.8621476,PACMAR TECHNOLOGIES LLC,IGF::OT::IGF COMPLIANT MOTION-DECOUPLED AUTOMATED OFFBOARD REFUELING AND DATA TRANSFER SYSTEM (ORADTS) FOR USVS,5990542.0,2017-04-14,HONOLULU,HI,CONT_AWD_N0001417C2026_9700_-NONE-_-NONE-,L1WZRB6JKWJ4,USASpending,
37.7827138,-122.3051923,SAILDRONE INC,THE CONTRACTOR SHALL PERFORM MISSION AS A SERVICE USING FIVE (5) USVS TO COLLECT DATA.,487813.0,2020-08-13,ALAMEDA,CA,CONT_AWD_N0001420P2016_9700_-NONE-_-NONE-,DR4UE3MCD3K7,USASpending,
40.3445046,-74.5923963,SIEMENS CORPORATION,"THE PURPOSE OF THIS EFFORT IS TO DEVELOP AND DEMONSTRATE A REAL-TIME, AI-BASED SYSTEM FOR PREDICTIVE MAINTENANCE AND AUTOMATIC RECONFIGURATION OF A MEDIUM UNMANNED SURFACE VEHICLE (MUSV) SUCH AS THE SEA HUNTER (REPAIR: REAL-TIME PROGNOSTICS AND AI-BA",1574634.0,2021-01-21,PRINCETON,NJ,CONT_AWD_N0001421C1001_9700_-NONE-_-NONE-,JNBWY3NDL3E6,USASpending,
32.1051419,-110.9455868,RAYTHEON COMPANY,"COYOTE BLOCK 3 AUTONOMOUS STRIKE IS A RAPID CAPABILITY EFFORT TO ACHIEVE OPERATIONAL LAUNCH CAPABILITY FROM UNMANNED SURFACE VESSELS (USVS) AND AN UNMANNED UNDERWATER VESSEL (UUV). THE INTENDED CONCEPT OF OPERATIONS (CONOP) AND TACTICS, TECHNIQUES, A",34294127.0,2021-02-26,TUCSON,AZ,CONT_AWD_N0001421C1009_9700_-NONE-_-NONE-,VTEWM5QSE598,USASpending,
39.2446388,-76.5729907,MARITIME APPLIED PHYSICS CORPORATION,FIVE (5) GARC USVS,203183428.73,2022-09-02,BALTIMORE,MD,CONT_AWD_N0002422C2228_9700_-NONE-_-NONE-,RGFBAKWWL465,USASpending,
29.629471,-90.50509,"BOLLINGER SHIPYARDS LOCKPORT, L.L.C.",MCM USV PRODUCTION,131046729.4,2022-04-08,LOCKPORT,LA,CONT_AWD_N0002422C6305_9700_-NONE-_-NONE-,KK7TLU2HQGH9,USASpending,
33.4239246,-111.9712142,"COMTECH SATELLITE NETWORK TECHNOLOGIES, INC",SLM-5650B-18 MODEM (USV),80067.15,2021-02-22,TEMPE,AZ,CONT_AWD_N0003921F2082_9700_N0003918D0007_9700,LLREND6GJ4J7,USASpending,
27.197518,-80.232944,SPS INDUSTRIAL INC,SHOP AND RANGE TOOLS REQUIRED FOR UNMANNED SURFACE VEHICLE R&D EFFORTS TO SUPPORT THE PROJECT IAA23-23035002. 4522349215,106.2,2023-08-16,STUART,FL,CONT_AWD_N0016423FP1206_9700_47QSHA19A000X_4732,QQ7QZBZJNXT4,USASpending,
42.2374,-87.8482,"W.W. GRAINGER, INC.","MATERIAL NEEDED FOR DEVELOPMENT OF SMALL USV PLATFORMS AND INTEGRATION OF C2 HARDWARE, OPTICS, AND NON-KINETIC PAYLOADS - 4522242325",506.31,2023-02-22,LAKE FOREST,IL,CONT_AWD_N0016423FP334_9700_47QSHA18D000G_4732,DBQGN324ULK3,USASpending,
29.9238776,-90.049129,HARDWARE INC,"THE ITEM SUBMITTED IS REQUIRED FOR DEVELOPMENT OF SMALL USV PLATFORMS AND INTEGRATION OF C2 HARDWARE, OPTICS, AND NON-KINETIC PAYLOADS. 4522245449",1662.47,2023-02-28,GRETNA,LA,CONT_AWD_N0016423FP542_9700_GS21F0104W_4730,VNCMRKELY7B3,USASpending,
37.1313,-76.3807,THE OFFICE GROUP INC,THE ITEMS SUBMITTED ARE REQUIRED FOR DEVELOPMENT OF SMALL USV PLATFORMS IN SUPPORT OF FMS ACQUISITION AND ENGINEERING SUPPORT. 4522401882,1153.22,2023-11-20,POQUOSON,VA,CONT_AWD_N0016424FP131_9700_47QSHA19A000P_4732,YGZMMVQKVFH1,USASpending,
37.0768,-76.4967,"SEVA TECHNICAL SERVICES, INC.",THE ITEMS SUBMITTED ARE REQUIRED FOR DEVELOPMENT OF SMALL USV PLATFORMS IN SUPPORT OF FMS ACQUISITION AND ENGINEERING SUPPORT. 4522397915,127.34,2023-11-14,NEWPORT NEWS,VA,CONT_AWD_N0016424FP188_9700_GS21F089BA_4732,MEKKPTA6TRS4,USASpending,
42.2914668,-71.4886438,STAPLES INC,THE ITEMS SUBMITTED ARE REQUIRED FOR DEVELOPMENT OF SMALL USV PLATFORMS IN SUPPORT OF FMS ACQUISITION AND ENGINEERING SUPPORT 4522420840,153.46,2023-12-21,FRAMINGHAM,MA,CONT_AWD_N0016424FP213_9700_47QSEA19D008T_4732,FGFCWE45JBW4,USASpending,
40.5145,-75.6029,FOTRONIC CORPORATION,THE ITEMS SUBMITTED ARE REQUIRED FOR DEVELOPMENT OF SMALL USV PLATFORMS IN SUPPORT OF FMS ACQUISITION AND ENGINEERING SUPPORT FMS CASE # NW-P-LDA 4522416375,1530.0,2023-12-15,WOBURN,MA,CONT_AWD_N0016424FP281_9700_GS07F0375T_4730,FUN1ZFUJ3GM9,USASpending,
38.2288577,-77.4587489,QUALITY PERFORMANCE INC,SCANVIEW SERVER USV RUNTIME LICENSE,19240.05,2022-09-01,FREDERICKSBURG,VA,CONT_AWD_N0016722P0240_9700_-NONE-_-NONE-,NBM4G4SAFQM3,USASpending,
35.8014941,-78.8108078,"C W LAWLEY, INCORPORATED",APACHE3 USV WITH SOFTWARE,55700.0,2023-09-15,CARY,NC,CONT_AWD_N0018923P0734_9700_-NONE-_-NONE-,ZMEJR4AVN4Z3,USASpending,
44.3115772,-96.7948023,WAYPOINT LLC,"HSP SERVICES IN SUPPORT OF USS TRIPOLI AND USV SAN FRANCISCO, CA",1056481.19,2024-10-06,BROOKINGS,SD,CONT_AWD_N0024424F0557_9700_N6817121D0035_9700,TLLKE4QZG9N4,USASpending,
27.1398,-80.2129,"MARINE VENTURES INTERNATIONAL, INC.",OCEANS MULTIPLE AWARD CONTRACT N39430-18-D-2048 (FFP) TASK ORDER N3943021F4184 FOR XLUUV/USV T&E WATERFRONT SUPPORT AT NBVC-PH,2254758.64,2021-09-01,STUART,FL,CONT_AWD_N3943021F4184_9700_N3943018D2048_9700,RQL2S28UKXQ2,USASpending,
41.3065784,-72.7538224,"AMERICAN POLYFILM, INC.",AMERICAN POLYFILM INCORPROATED (API) POLYETHER FILM TO SUPPORT THE MINE COUNTERMEASURE UNMANNED SURFACE VEHICLE (MCM USV).,19925.0,2024-08-01,BRANFORD,CT,CONT_AWD_N6133124P1092_9700_-NONE-_-NONE-,MT2JKCMNFCZ6,USASpending,
36.9721,-121.9881,"MOORE & SONS OUTBOARD MOTORS, INC.",IGF::OT::IGF SEA FOX USV MAINTEANCE SUPPOT,0.0,2016-09-28,SANTA CRUZ,CA,CONT_AWD_N6227116M1224_9700_-NONE-_-NONE-,GCMTYK7ND2B3,USASpending,
32.737082,-97.4314183,"MODULAR CONCEPTS, INC.",PMS-406 MODULAR BUILDING XLUUV/USV,7261264.0,2021-09-27,FORT WORTH,TX,CONT_AWD_N6247321C0033_9700_-NONE-_-NONE-,NS66NZB1HN33,USASpending,
34.1495194,-119.1949408,CITY OF PORT HUENEME,"PROVIDE TWO 3-CY DUMPSTERS FOR WHARF 6, USV RANGER & USV NOMAD",7364.9,2021-03-29,PORT HUENEME,CA,CONT_AWD_N6247321F4526_9700_N6247320D0005_9700,ECSPMJK5GKX9,USASpending,
34.1468,-118.1391,"JACOBS/EWINGCOLE, A JOINT VENTURE",ENGINEERING STUDIES DD1391 FOR XLUUV USV,399920.0,2021-06-16,PASADENA,CA,CONT_AWD_N6247321F4614_9700_N6247318D5801_9700,WB62UJNWE7L3,USASpending,
33.9735789,-118.0645169,MIK CONSTRUCTION INC,"X679 INSTALL POWER/HVAC IN USV UOC, PH1384",615649.26,2022-09-26,WHITTIER,CA,CONT_AWD_N6247322F4427_9700_N6247319D2605_9700,WAQ4V6QC6YJ4,USASpending,
39.837642,-75.194722,NDI ENGINEERING COMPANY,"ENGINEERING AND TECHNICAL SERVICES REQUIRED FOR HULL, MECHANICAL, AND ELECTRICAL (HM&E) LAND BASED ENGINEERING SITE (LBES) PLANNING AND DESIGN FOR UNMANNED SURFACE VESSEL (USV) SHIP CLASS PROGRAM.",784170.27,2023-11-07,THOROFARE,NJ,CONT_AWD_N6449824F3014_9700_N6449822D4010_9700,H1WGM2HUFNB3,USASpending,
38.8458,-77.3242,W R SYSTEMS LTD.,UNMANNED SURFACE VEHICLE (USV) NAVIGATION SYSTEMS SUPPORT,1055978.18,2022-03-03,FAIRFAX,VA,CONT_AWD_N6523622F0142_9700_N6523620D8024_9700,N5RJW5NX32Y1,USASpending,
38.9564636,-77.3994947,PERATON INC.,IGF::OT::IGF  MINE HUNTING UNMANNED SURFACE VEHICLES OPERATIONAL SUPPORT SERVICES,32464519.56,2017-08-27,HERNDON,VA,CONT_AWD_N6600117F0595_9700_N6600115D0180_9700,ZBPQEJVECCT4,USASpending,
34.722524,-86.675518,COLSA CORP,COMMUNICATION PROCESSOR SYSTEM S/W ENGINEERING&DEVELOPMENT FOR UNMANNED SURFACE VEHICLE (USV),539212.58,2019-07-18,HUNTSVILLE,AL,CONT_AWD_N6600119F0881_9700_N6600116D0025_9700,EH2ULQUQ2KG9,USASpending,
34.722524,-86.675518,COLSA CORP,COMMUNICATION PROCESSOR SYSTEM S/W ENGINEERING&DEVELOPMENT FOR UNMANNED SURFACE VEHICLE (USV),500708.05,2020-05-05,HUNTSVILLE,AL,CONT_AWD_N6600120F0581_9700_N6600116D0025_9700,EH2ULQUQ2KG9,USASpending,
40.7029,-111.5481,MONTEREY TECHNOLOGIES INC,TO PROVIDE HUMAN FACTORS ENGINEERING SERVICES FOR UNMANNED SURFACE VEHICLE SYSTEM.,199767.0,2020-05-15,PARK CITY,UT,CONT_AWD_N6600120F0621_9700_N6600117D0024_9700,FFNYP46C9E57,USASpending,
38.3524,-76.5626,"COHERENT TECHNICAL SERVICES, INC.","GPS-BASED POSITIONING, NAVIGATION AND TIMING SERVICE (GPNTS) UNMANNED SURFACE VESSEL (USV) PLATFORM INTEGRATION AND SUPPORT",933546.95,2023-08-21,HOLLYWOOD,MD,CONT_AWD_N6600123F0949_9700_N6600118D0345_9700,J521EPLPW6L7,USASpending,
31.8543,-111.0003,HYDRONALIX INC,"HYDRONALIX UNMANNED SURFACE VEHICLE WITH SONAR CAPABILITY & CARBON FIBER HULL, + MISC. ADDITIONAL SPECS.",84375.0,2023-04-26,GREEN VALLEY,AZ,CONT_AWD_N6600123P6167_9700_-NONE-_-NONE-,X7NNB7Q6Y5K1,USASpending,
31.8543,-111.0003,HYDRONALIX INC,USV1 HULL 1,3042704.98,2023-12-14,GREEN VALLEY,AZ,CONT_AWD_N6600124P6022_9700_-NONE-_-NONE-,X7NNB7Q6Y5K1,USASpending,
35.1216,-79.445,QUANTICO TACTICAL INCORPORATED,4550283222!TACTICAL UNMANNED SURFACE VEHICLE (USV),98325.0,2020-06-17,ABERDEEN,NC,CONT_AWD_SPE8EL20FL1VS_9700_SPE8EJ20D0015_9700,YUFVFMS2U598,USASpending,
36.8348,-76.0961,"ATLANTIC DIVING SUPPLY, INC.",4553268101!ADARO USV SPARE PART BUNDLE SAN DIEGO,141542.49,2021-04-21,VIRGINIA BEACH,VA,CONT_AWD_SPE8EL21F10TE_9700_SPE8EJ21D0020_9700,GJMSFBCNMSK3,USASpending,
36.8348,-76.0961,"ATLANTIC DIVING SUPPLY, INC.",4553268105!ADARO USV SPARE PART BUNDLE,333088.49,2021-04-21,VIRGINIA BEACH,VA,CONT_AWD_SPE8EL21F10TF_9700_SPE8EJ21D0020_9700,GJMSFBCNMSK3,USASpending,
36.8348,-76.0961,"ATLANTIC DIVING SUPPLY, INC.",4554022500!UNMANNED SURFACE VEHICLE S/NSA APPROVED,303000.0,2021-06-30,VIRGINIA BEACH,VA,CONT_AWD_SPE8EL21F12V9_9700_SPE8EJ21D0020_9700,GJMSFBCNMSK3,USASpending,
36.8348,-76.0961,"ATLANTIC DIVING SUPPLY, INC.",4554851891!UNMANNED SURFACE VEHICLE W/NSA APPROVED,617021.28,2021-09-20,VIRGINIA BEACH,VA,CONT_AWD_SPE8EL21F1653_9700_SPE8EJ21D0020_9700,GJMSFBCNMSK3,USASpending,
36.8348,-76.0961,"ATLANTIC DIVING SUPPLY, INC.",4554878666!OTTER USV WITH DUAL FIXED ELECTRICAL THR,93331.82,2021-09-20,VIRGINIA BEACH,VA,CONT_AWD_SPE8EL21F1692_9700_SPE8EJ21D0020_9700,GJMSFBCNMSK3,USASpending,
36.8348,-76.0961,"ATLANTIC DIVING SUPPLY, INC.",4555709531!UNMANNED SURFACE VEHICLE W/NSA APPROVED,142676.0,2021-12-13,VIRGINIA BEACH,VA,CONT_AWD_SPE8EL22F10D0_9700_SPE8EJ21D0020_9700,GJMSFBCNMSK3,USASpending,
36.8348,-76.0961,"ATLANTIC DIVING SUPPLY, INC.",4556408652!SEAFLOOR SYSTEMS TRIDRONE USV SYSTEM WIT,24777.5,2022-02-28,VIRGINIA BEACH,VA,CONT_AWD_SPE8EL22F11F9_9700_SPE8EJ21D0020_9700,GJMSFBCNMSK3,USASpending,
36.8348,-76.0961,"ATLANTIC DIVING SUPPLY, INC.",4557688988!RECKLESS USV CARGO EDITION,1048591.93,2022-06-29,VIRGINIA BEACH,VA,CONT_AWD_SPE8EL22F14F6_9700_SPE8EJ21D0020_9700,GJMSFBCNMSK3,USASpending,
36.8348,-76.0961,"ATLANTIC DIVING SUPPLY, INC.",4558432267!UNMANNED SURFACE VEHICLE (USV) CONFIGURE,37856.71,2022-09-12,VIRGINIA BEACH,VA,CONT_AWD_SPE8EL22F17W8_9700_SPE8EJ21D0020_9700,GJMSFBCNMSK3,USASpending,
42.2922,-89.1161,SUPPLYCORE LLC,4555532661!AMY GEN 2 UNMANNED SURFACE VEHICLE,126309.49,2021-11-24,ROCKFORD,IL,CONT_AWD_SPE8EL22FH00Y_9700_SPE8EJ21D0023_9700,HTYJC5P9ZMH5,USASpending,
41.9659851,-88.0281066,W S DARLEY & CO,4557760789!LC-USV ATTRITABLE SOLUTION SET 1.0,17857.7,2022-07-07,ITASCA,IL,CONT_AWD_SPE8EL22FJ1B2_9700_SPE8EJ21D0025_9700,TENRPZGMAGJ6,USASpending,
36.8348,-76.0961,"ATLANTIC DIVING SUPPLY, INC.",4558748545!SEAKIT USV,9889401.47,2022-10-11,VIRGINIA BEACH,VA,CONT_AWD_SPE8EL23F100Z_9700_SPE8EJ21D1020_9700,GJMSFBCNMSK3,USASpending,
36.8348,-76.0961,"ATLANTIC DIVING SUPPLY, INC.",4559891165!USV (UNMANNED SURFACE VEHICLE) ADVANCED,124540.5,2023-02-08,VIRGINIA BEACH,VA,CONT_AWD_SPE8EL23F11N9_9700_SPE8EJ21D0020_9700,GJMSFBCNMSK3,USASpending,
36.8348,-76.0961,"ATLANTIC DIVING SUPPLY, INC.",4560710394!MCM USV HSS MARITIME ELECTRONIC SENSOR K,22789.0,2023-04-24,VIRGINIA BEACH,VA,CONT_AWD_SPE8EL23F145T_9700_SPE8EJ21D0020_9700,GJMSFBCNMSK3,USASpending,
36.8348,-76.0961,"ATLANTIC DIVING SUPPLY, INC.",4560780850!SAN DIEGO USV ADVANCED COMMUNICATION INT,86100.0,2023-04-28,VIRGINIA BEACH,VA,CONT_AWD_SPE8EL23F14GK_9700_SPE8EJ21D0020_9700,GJMSFBCNMSK3,USASpending,
36.8348,-76.0961,"ATLANTIC DIVING SUPPLY, INC.",4560780852!DAM NECK USV ADVANCED COMMUNICATION INTE,157995.0,2023-04-28,VIRGINIA BEACH,VA,CONT_AWD_SPE8EL23F14GL_9700_SPE8EJ21D0020_9700,GJMSFBCNMSK3,USASpending,
36.8348,-76.0961,"ATLANTIC DIVING SUPPLY, INC.",4561636680!USV MARITIME PLATFORMFULLY ASSEMBLED,39127.0,2023-07-18,VIRGINIA BEACH,VA,CONT_AWD_SPE8EL23F17QS_9700_SPE8EJ21D0020_9700,GJMSFBCNMSK3,USASpending,
36.8348,-76.0961,"ATLANTIC DIVING SUPPLY, INC.",4561860842!SAIC USV TOW CABLE ASSEMBLY,714560.5,2023-07-27,VIRGINIA BEACH,VA,CONT_AWD_SPE8EL23F185C_9700_SPE8EJ21D0020_9700,GJMSFBCNMSK3,USASpending,
36.8348,-76.0961,"ATLANTIC DIVING SUPPLY, INC.",4562344456!USV 9M HULL,352359.22,2023-09-19,VIRGINIA BEACH,VA,CONT_AWD_SPE8EL23F1DSV_9700_SPE8EJ21D0020_9700,GJMSFBCNMSK3,USASpending,
36.8348,-76.0961,"ATLANTIC DIVING SUPPLY, INC.",4562345009!PROFESSIONAL AUTOPILOT FOR USV,162000.0,2023-09-22,VIRGINIA BEACH,VA,CONT_AWD_SPE8EL23F1E81_9700_SPE8EJ21D0020_9700,GJMSFBCNMSK3,USASpending,
36.8348,-76.0961,"ATLANTIC DIVING SUPPLY, INC.","4562365348!USV OPERATIONS, INTEGRATION AND DESIGN S",6279081.49,2023-09-25,VIRGINIA BEACH,VA,CONT_AWD_SPE8EL23F1EN8_9700_SPE8EJ21D1020_9700,GJMSFBCNMSK3,USASpending,
41.9659851,-88.0281066,W S DARLEY & CO,4560240856!AMY KIT UNMANNED SURFACE VESSEL (USV),835205.55,2023-03-09,ITASCA,IL,CONT_AWD_SPE8EL23FJ0S6_9700_SPE8EJ21D0025_9700,TENRPZGMAGJ6,USASpending,
41.9659851,-88.0281066,W S DARLEY & CO,"4561863565!USV PARTS, REPAIR AND SUSTAINMENT",923216.63,2023-08-11,ITASCA,IL,CONT_AWD_SPE8EL23FJ28X_9700_SPE8EJ21D0025_9700,TENRPZGMAGJ6,USASpending,
42.1616722,-70.913473,"NOBLE SUPPLY & LOGISTICS, LLC",4561399624!UNMANNED SURFACE VESSEL USV SN05 INSTALL,13643.28,2023-06-29,ROCKLAND,MA,CONT_AWD_SPE8EL23FW1B7_9700_SPE8EJ21D0022_9700,YLE5AAYNVPK6,USASpending,
42.1616722,-70.913473,"NOBLE SUPPLY & LOGISTICS, LLC",4562367159!MARITIME ROBOTICS OTTER PRO USVOTTER PRO,362056.25,2023-09-25,ROCKLAND,MA,CONT_AWD_SPE8EL23FW30X_9700_SPE8EJ21D0022_9700,YLE5AAYNVPK6,USASpending,
36.8348,-76.0961,"ATLANTIC DIVING SUPPLY, INC.",4565305537!UNMANNED SURFACE VESSEL (USV) PART TASK,478453.34,2024-07-30,VIRGINIA BEACH,VA,CONT_AWD_SPE8EL24F17SL_9700_SPE8EJ21D0020_9700,GJMSFBCNMSK3,USASpending,
36.8348,-76.0961,"ATLANTIC DIVING SUPPLY, INC.",4565375456!UNMANNED SURFACE VESSEL (USV) SYSTEM SUP,307912.76,2024-08-06,VIRGINIA BEACH,VA,CONT_AWD_SPE8EL24F189C_9700_SPE8EJ21D0020_9700,GJMSFBCNMSK3,USASpending,
36.8348,-76.0961,"ATLANTIC DIVING SUPPLY, INC.",4565762305!UNMANNED SURFACE VESSEL (USV) ONBOARD SE,146630.14,2024-09-10,VIRGINIA BEACH,VA,CONT_AWD_SPE8EL24F1C2C_9700_SPE8EJ21D0020_9700,GJMSFBCNMSK3,USASpending,
36.8348,-76.0961,"ATLANTIC DIVING SUPPLY, INC.",4565986676!UNMANNED SURFACE VESSEL (USV) ONBOARD SE,113690.72,2024-09-25,VIRGINIA BEACH,VA,CONT_AWD_SPE8EL24F1E6R_9700_SPE8EJ21D0020_9700,GJMSFBCNMSK3,USASpending,
36.8348,-76.0961,"ATLANTIC DIVING SUPPLY, INC.",4565985671!7MRB USV NAVIGATION SYSTEM,529500.58,2024-09-26,VIRGINIA BEACH,VA,CONT_AWD_SPE8EL24F1E8M_9700_SPE8EJ21D0020_9700,GJMSFBCNMSK3,USASpending,
42.2922,-89.1161,SUPPLYCORE LLC,4563755418!USV EVAL - C5ISR AI MODULE,225152.18,2024-02-22,ROCKFORD,IL,CONT_AWD_SPE8EL24FH0DQ_9700_SPE8EJ21D0023_9700,HTYJC5P9ZMH5,USASpending,
41.9659851,-88.0281066,W S DARLEY & CO,"4565239442!S, USV TOOLS, USV MAINTENANCE LUBES/RING",1337970.44,2024-07-22,ITASCA,IL,CONT_AWD_SPE8EL24FJ2C5_9700_SPE8EJ21D0025_9700,TENRPZGMAGJ6,USASpending,
41.9659851,-88.0281066,W S DARLEY & CO,4565985411!HAVOCAI RAMPAGE USVS AND ACCESSORIES,155298.0,2024-09-17,ITASCA,IL,CONT_AWD_SPE8EL24FJ3SR_9700_SPE8EJ21D0025_9700,TENRPZGMAGJ6,USASpending,
42.1616722,-70.913473,"NOBLE SUPPLY & LOGISTICS, LLC",4565829423!MADP21 USV COMMS ANTENNA,389356.8,2024-09-10,ROCKLAND,MA,CONT_AWD_SPE8EL24FW39N_9700_SPE8EJ21D0022_9700,YLE5AAYNVPK6,USASpending,
36.8348,-76.0961,"ATLANTIC DIVING SUPPLY, INC.",4566719731!USVCOLLABORATIVEAUTONOMYMANAGERV5.0,330000.0,2024-12-12,VIRGINIA BEACH,VA,CONT_AWD_SPE8EL25F110E_9700_SPE8EJ21D0020_9700,GJMSFBCNMSK3,USASpending,
42.2922,-89.1161,SUPPLYCORE LLC,4566205630!PROFESSIONAL AUTOPILOT FOR USV,330350.4,2024-10-23,ROCKFORD,IL,CONT_AWD_SPE8EL25FH00K_9700_SPE8EJ21D0023_9700,HTYJC5P9ZMH5,USASpending,
41.9659851,-88.0281066,W S DARLEY & CO,4567114256!HAVOCAI RAMPAGE USVS AND ACCESSORIES,755329.9,2025-01-30,ITASCA,IL,CONT_AWD_SPE8EL25FJ0M9_9700_SPE8EJ21D0025_9700,TENRPZGMAGJ6,USASpending,
40.8734313,-74.2778286,"ASRC FEDERAL FACILITIES LOGISTICS, LLC",4568035324!TRIDRONE - PORTABLE USV WITH ONE PONTOON,21245.08,2025-04-03,FAIRFIELD,NJ,CONT_AWD_SPE8E325FB7RD_9700_SPE8E325D0006_9700,MA1VZ6667CB1,USASpending,
36.8348,-76.0961,"ATLANTIC DIVING SUPPLY, INC.",4567918946!MAKO LITE USV,1739501.4,2025-04-14,VIRGINIA BEACH,VA,CONT_AWD_SPE8EL25F14SX_9700_SPE8EJ21D0020_9700,GJMSFBCNMSK3,USASpending,
41.9659851,-88.0281066,W S DARLEY & CO,4568188312!UNMANNED SURFACE VESSEL (USV) TACTICAL F,205592.97,2025-04-30,ITASCA,IL,CONT_AWD_SPE8EL25FJ1T7_9700_SPE8EJ21D0025_9700,TENRPZGMAGJ6,USASpending,
36.8348,-76.0961,"ATLANTIC DIVING SUPPLY, INC.",4568189034!MAGOTHY USV FPV SOFTWARE LICENSE AND FIE,255000.0,2025-05-02,VIRGINIA BEACH,VA,CONT_AWD_SPE8EL25F15H3_9700_SPE8EJ21D0020_9700,GJMSFBCNMSK3,USASpending,
36.8348,-76.0961,"ATLANTIC DIVING SUPPLY, INC.",4568248993!MCM USV COMMUNICATION SYSTEM,5098500.1,2025-05-13,VIRGINIA BEACH,VA,CONT_AWD_SPE8EL25F15X3_9700_SPE8EJ21D1020_9700,GJMSFBCNMSK3,USASpending,
39.4919,-76.6677,TEXTRON SYSTEMS CORPORATION,AWARD OF DELIVERY ORDER 02 UNDER MCM USV IDIQ,13155111.85,2025-06-20,HUNT VALLEY,MD,CONT_AWD_N6133125F0103_9700_N6133124D0006_9700,SNJ8YY61GB95,USASpending,
37.4104552,-122.0161388,"REAL-TIME INNOVATIONS, INC.",THE GOVERNMENT REQUIRES RTI DDS CONNEXT PROFESSIONAL SOFTWARE. ACCESS TO THIS SPECIFIC SOFTWARE IS REQUIRED TO INTEGRATE INTO THE NAVY WIDE USV PROJECT.,9950.0,2025-06-25,SUNNYVALE,CA,CONT_AWD_N6449825P2075_9700_-NONE-_-NONE-,H293LTV8R2U3,USASpending,
37.2333256,-80.4209279,VIRGINIA POLYTECHNIC INSTITUTE & STATE UNIVERSITY,DEVELOP NEXT GENERATION OF DESIGN TOOLS FOR 100 TO 200 FOOT LENGTH USVS FOCUSING ON SLAMMING FLUID-STRUCTURE INTERACTION AND DYNAMIC INSTABILITIES. CONTRIBUTE TO CAPABILITIES TO MAKE AT-SEA PREDICTIONS OF VESSEL MOTIONS BASED ON SENSOR DATA.,1499216.0,2025-06-27,BLACKSBURG,VA,CONT_AWD_N0001425C1321_9700_-NONE-_-NONE-,QDE5UHE5XD16,USASpending,
39.8893,-75.1782,NOBLIS MSD LLC,ADNS USV SMART PDU ANALYSIS & SELECTION,93265.5,2025-07-18,PHILADELPHIA,PA,CONT_AWD_N6600125F0739_9700_N6600121D0153_9700,G9VKEZM3P5Y5,USASpending,
36.8348,-76.0961,"ATLANTIC DIVING SUPPLY, INC.",4568921384!DRIX H9 USV WITHOUT GONDOLA AND PAYLOAD,5651321.13,2025-07-28,VIRGINIA BEACH,VA,CONT_AWD_SPE8EL25F18WC_9700_SPE8EJ21D1020_9700,GJMSFBCNMSK3,USASpending,
42.695935,-71.2056261,PHYSICAL SCIENCES INC.,Direct Cross-domain Optical Data Transfer,139968.0,"October 21, 2024",ANDOVER,MA,N68335-25-C-0028,RMG1AZ1ZH8Q7,SBIR,http://www.psicorp.com
38.2674,-85.6237,INFOBEYOND TECHNOLOGY LLC,MineDL: Efficient Mine Detection and Localization Using Advanced YOLO and LSTM with Few-Shot Learning,140000.0,"September 9, 2024",LOUISVILLE,KY,N00024-24-C-S090,JMXHCAK12LZ7,SBIR,http://www.InfoBeyondtech.com
39.2109,-76.5597,MARITIME APPLIED PHYSICS CORPORATION,Messenger Line Delivery System,673804.0,"May 7, 2024",CURTIS BAY,MD,N00024-24-C-S054,RGFBAKWWL465,SBIR,http://www.blacksea.tech
38.7492,-77.4878,HEPBURN AND SONS LLC,USV Modular Power Generator System: Design for Reliability using MBSE achieving Graceful Degradation through Supervisory Control,139993.0,"July 15, 2024",MANASSAS,VA,N68335-24-C-0451,TLLAP6FKHA99,SBIR,https://www.hepburnandsons.com
42.386242,-71.265739,BOSTON ENGINEERING CORPORATION,Low-Cost MCM Sound Velocity Profiler Based on MASED,1586622.0,"December 20, 2023",WALTHAM,MA,N68335-20-C-0354,RY2MMXKHFMH5,SBIR,http://www.boston-engineering.com
32.7822,-97.4969,RMD SYSTEMS LLC,Robotic Bridge Autonomy Kit (R-BAK),1899933.51,"August 12, 2024",FORT WORTH,TX,W51701-24-C-0230,WKFBTEUDML89,SBIR,
38.9615,-77.3418,METRON INCORPORATED,Digital Engineering – Perception System for Situational Awareness and Contact Detection for Unmanned Underwater Vessels,1499996.55,"September 24, 2024",RESTON,VA,N6833524C0497,EN78W198KUG7,SBIR,http://www.metsci.com
40.0468,-75.6432,DANIEL H WAGNER ASSOCIATES INC,Autonomous Platfrom evaluation and Optimization Software TooL (APOSTL),139989.0,"June 13, 2024",EXTON,PA,N68335-24-C-0336,S699ATX27YK4,SBIR,https://www.wagner.com
42.3756755,-71.1470209,"CHARLES RIVER ANALYTICS, INC.",Perception Autonomy for Vessel Escorts (PAVE),597215.0,"June 4, 2024",CAMBRIDGE,MA,N00024-24-C-S030,DD1BYN8SN355,SBIR,http://www.cra.com
42.5089,-71.2004,"SCIENTIFIC SYSTEMS COMPANY, INC.",SAFEPASS: Safe Encounter Resolution using Passive Sensing,1499748.0,"March 25, 2024",Burlington,MA,N64267-24-C-0150,C12TQVKF5413,SBIR,https://www.ssci.com/
42.5912287,-71.3166466,"TRITON SYSTEMS, INC.",Contested Logistics at Scale - Bringing USVs On and Off the Beach,274449.0,"June 7, 2024",CHELMSFORD,MA,HR001124C0446,DA91DUWSMSQ7,SBIR,http://www.tritonsys.com
47.5217689,-122.2991327,AVALANCHE ENERGY DESIGNS INC,Modular Fusion Power Generator for Unmanned Surface Vessels (USV),139492.0,"July 15, 2024",TUKWILA,WA,N68335-24-C-0448,KVKCNLH5EZ59,SBIR,www.avalanchefusion.com
42.695935,-71.2056261,PHYSICAL SCIENCES INC.,Deployable High-Power Microwave Reflectarray,139985.0,"July 10, 2024",ANDOVER,MA,N68335-24-C-0494,RMG1AZ1ZH8Q7,SBIR,http://www.psicorp.com
42.412579,-72.5310205,ZULU PODS INC,"Self Energized Packaged Oil Systems: Simple, Low Cost, Lightweight, and High Efficiency Non-recirculating Lubrication systems for Small Limited-life e",993824.0,"September 3, 2024",AMHERST,MA,N68335-24-C-0511,C14CA8WSSE55,SBIR,https://www.zulupods.com
33.9779,-118.4525,RHOMAN AEROSPACE CORPORATION,"No-emit, No-drift, World-Wide GPS-Denied Autonomy for Supersonic UAV, Group 2-4 UAV & USV/UGV and Autonomous Small and Cube-Sats",1900000.0,"August 1, 2024",MARINA DEL REY,CA,FA2541-24-C-B018,Y1X1FEH3U895,SBIR,https://www.rhoman.aero/
31.8543,-111.0003,HYDRONALIX INC,"Compact, lightweight Autonomous Underwater Vehicle (AUV)",7499278.0,"November 29, 2023",GREEN VALLEY,AZ,N68335-24-C-0095,X7NNB7Q6Y5K1,SBIR,https://www.hydronalix.com/
37.8601,-122.4946,"iMetalx, Inc.",Low SWAP-C Interoperability PACE UxV C2 Node,139799.0,"November 15, 2023",SAUSALITO,CA,N68335-24-C-0145,GKPLZJBD9NY6,SBIR,https://www.imetalx.com
39.2109,-76.5597,MARITIME APPLIED PHYSICS CORPORATION,Launch and Recovery of GARC Small USV from LCS and EPF,174248.0,"March 26, 2024",CURTIS BAY,MD,N00024-24-C-S041,RGFBAKWWL465,SBIR,http://www.blacksea.tech
38.9615,-77.3418,METRON INCORPORATED,NAVSEA Open Topic for Operations and Logistics in a Contested Environment: Enhance Mission Capabilities of USV/UUV and Systems,74884.0,"March 27, 2024",RESTON,VA,N00024-24-C-S046,EN78W198KUG7,SBIR,http://www.metsci.com
39.2109,-76.5597,MARITIME APPLIED PHYSICS CORPORATION,Modular Sonobuoy Deployment System,139657.0,"August 27, 2024",CURTIS BAY,MD,N00024-24-C-S114,RGFBAKWWL465,SBIR,http://www.blacksea.tech
42.2329195,-84.4235727,"SEALANDAIRE TECHNOLOGIES, INC.",Expanding Mission Capability of ADARO Small Unmanned Surface Vessel (USV) through Innovative Cost Reduction Methodologies,74959.0,"March 27, 2024",JACKSON,MI,N00024-24-C-S047,M832S92BP7S3,SBIR,https://www.sealandaire.com/
41.2734317,-73.1294631,NAIAD DYNAMICS US INC,"NDS-4691-01-TQ, Technical Proposal - Adanced, Reliable, Wide-Range Hydrodynamics Hull Appendages - N231-052",139983.0,"September 1, 2023",SHELTON,CT,N68335-23-C-0724,LSFQBGG41HM1,SBIR,https://www.naiad.com
38.0936,-78.5611,"BARRON ASSOCIATES, INC.",Graph-based Collaborative Autonomy for Intelligent Agents,1699970.33,"July 19, 2023",CHARLOTTESVILLE,VA,W51701-23-C-0137,C8FUKQKC9JB4,SBIR,http://www.barron-associates.com
42.5912287,-71.3166466,"TRITON SYSTEMS, INC.",Autonomous Anchoring System For Unmanned Vessels,1188770.0,"September 14, 2023",CHELMSFORD,MA,N68335-23-C-0253,DA91DUWSMSQ7,SBIR,http://www.tritonsys.com
40.0679669,-105.2099112,FIRST RF CORPORATION,N222-112 Low-profile High-Frequency Maritime Antenna,139911.0,"November 7, 2022",BOULDER,CO,N68335-23-C-0064,LMF7NPZN43Z6,SBIR,https://firstrf.com/
21.3077674,-157.8634866,PacMar Technologies LLC,Advanced Reliable Wide-Range Hydrodynamic Hull Appendage,139735.0,"September 1, 2023",Honolulu,HI,N68335-23-C-0722,L1WZRB6JKWJ4,SBIR,https://www.pacmartech.com
42.5564261,-71.4864792,Materials Systems Inc.,Non-Towed Broadband Acoustic Source,596825.0,"February 14, 2023",Littleton,MA,N68335-23-C-0183,PJE4L1Q8N2B5,SBIR,www.matsysinc.com
31.8543,-111.0003,HYDRONALIX INC,SeaCraft/AeroNautical Data-collector (SCAND) for real-time target recognition,1314874.0,"July 18, 2023",GREEN VALLEY,AZ,H9240523C0006,X7NNB7Q6Y5K1,SBIR,https://www.hydronalix.com/
42.412579,-72.5310205,ZULU PODS INC,"Self Energized Packaged Oil Systems: Simple, Low Cost, Lightweight, and High Efficiency Non-recirculating Lubrication systems for Small Limited-life e",231391.0,"July 17, 2023",AMHERST,MA,N68335-23-C-0326,C14CA8WSSE55,SBIR,https://www.zulupods.com
39.2774602,-84.4420731,GIRD SYSTEMS INC,S-Band Antenna System for LCS Communications Relay,1196693.0,"March 21, 2023",CINCINNATI,OH,N68335-23-C-0240,DJXELKH2ADS9,SBIR,www.girdsystems.com
39.2109,-76.5597,MARITIME APPLIED PHYSICS CORPORATION,Small USV Launch and Recovery from MUSV,1464990.0,"March 7, 2023",CURTIS BAY,MD,N68335-23-C-0231,RGFBAKWWL465,SBIR,http://www.blacksea.tech
34.239232,-118.562408,ARETE ASSOCIATES,Celestial Navigation for LR-USV,146491.0,"September 26, 2022",NORTHRIDGE,CA,M67854-22-C-6622,DMKEXJ8NQ4C5,SBIR,http://www.arete.com
42.5089,-71.2004,"SCIENTIFIC SYSTEMS COMPANY, INC.",Novel Autonomous System-tactics leveraging Hypergames (NASH),1733157.0,"July 25, 2022",Burlington,MA,N68335-22-C-0540,C12TQVKF5413,SBIR,https://www.ssci.com/
32.9756,-117.0402,EPISYS SCIENCE INC,AlphaUSV: A Reinforcement Learning Approach for Safe and Precise USV Autonomous Navigation,140000.0,"July 26, 2022",POWAY,CA,N68335-22-C-0532,U719HNLEESB3,SBIR,https://www.episci.com
42.5832795,-76.3704027,"DYNAMIC LOCOMOTION, INC.",STTR Phase I:Low-Cost Autonomous Sailboats for Long-Term Ocean Missions,248418.0,"August 15, 2022",GROTON,NY,2213250,YJLFZE6HR993,SBIR,http://dynaloco.com
37.9265,-122.3342,"Marine Advanced Robotics, Inc.",Dynamic Swarming of USVs for Hydrographic Surveys in Disaster Recovery,150000.0,"September 1, 2022",Richmond,CA,NA22OAR0210573,XVLJK8BMGCL3,SBIR,www.wam-v.com
42.3756755,-71.1470209,"CHARLES RIVER ANALYTICS, INC.","Piloting Intelligence using Logic, Optics, and Tracking (PILOT)",146500.0,"July 26, 2022",CAMBRIDGE,MA,N68335-22-C-0530,DD1BYN8SN355,SBIR,http://www.cra.com
42.3756755,-71.1470209,"CHARLES RIVER ANALYTICS, INC.",Perception Autonomy for Vessel Escorts (PAVE),246448.0,"July 27, 2022",CAMBRIDGE,MA,N68335-22-C-0575,DD1BYN8SN355,SBIR,http://www.cra.com
39.2109,-76.5597,MARITIME APPLIED PHYSICS CORPORATION,Surf-Zone Capable USV for Messenger Line Delivery,239882.0,"August 8, 2022",CURTIS BAY,MD,N68335-22-C-0611,RGFBAKWWL465,SBIR,http://www.blacksea.tech
31.8543,-111.0003,HYDRONALIX INC,"Compact, lightweight Autonomous Underwater Vehicle (AUV)",1600000.0,"December 21, 2021",GREEN VALLEY,AZ,N68335-22-C-0851,X7NNB7Q6Y5K1,SBIR,https://www.hydronalix.com/
39.8906711,-75.1760638,TDI NOVUS INC,Contextual Observations for Natural Speech CharacterIzation On Unmanned Ships (CONSCIOUS),1699143.0,"December 2, 2021",PHILADELPHIA,PA,N68335-22-C-0845,T8LCH4Y5FMQ7,SBIR,https://www.tdinovus.com
42.3756755,-71.1470209,"CHARLES RIVER ANALYTICS, INC.",Management of Intelligent Navigation for Condition-based Ocean Safe Transit (MIN-COST),1198597.0,"October 27, 2021",CAMBRIDGE,MA,N68335-22-C-0065,DD1BYN8SN355,SBIR,http://www.cra.com
28.291062,-80.702453,MAINSTREAM ENGINEERING CORP,4000 HR Marine Diesel,3299756.0,"October 27, 2021",ROCKLEDGE,FL,N68335-22-C-0062,YR8FJBGXWRR1,SBIR,https://mainstream-engr.com/
38.9615,-77.3418,METRON INCORPORATED,Unmanned Surface Vehicle (USV) and Unmanned Underwater Vehicle (UUV) Autonomous Behavior Development -- 22-048,2299632.0,"September 15, 2022",RESTON,VA,N68335-22-C-0656,EN78W198KUG7,SBIR,http://www.metsci.com
42.3629293,-71.0962271,NOTCH INC.,Metamaterial Radar Absorbing Material with Pass Band for UAV Platforms,1239000.0,"May 5, 2022",CAMBRIDGE,MA,FA8649-22-P-0896,CU7KL1LNDR56,SBIR,http://www.notchtechnologies.com
45.5181,-122.6745,"GALOIS, INC.",5G SDN Tools for Automated and Reliable Security (5STARS),1999570.0,"June 7, 2022",PORTLAND,OR,N68335-22-C-0411,MKT6C6U2BRM4,SBIR,https://galois.com/
36.8431096,-76.3329959,"Fairlead Integrated, LLC",MCM USV Common D&R System SBIR Phase II Full Proposal,1337775.0,"May 31, 2022",Portsmouth,VA,N68335-22-C-0426,DXM3GSLGH2Z5,SBIR,http://www.fairleadint.com
31.8543,-111.0003,HYDRONALIX INC,Ariel: low cost humanitarian self propelled rescue can,1495999.0,"January 28, 2022",GREEN VALLEY,AZ,N68335-22-C-0199,X7NNB7Q6Y5K1,SBIR,https://www.hydronalix.com/
28.5653667,-81.7403495,VR REHAB INC,Single Amphibious Integrated Precision AR Navigation (SAIPAN) System,239996.0,"November 19, 2020",CLERMONT,FL,M67854-21-P-6604,PW6TQ7M8WH66,SBIR,https://www.virtualrealityrehab.com/
40.5937214,-111.9046982,KAIROS AUTONOMI INC,Rapidly Installed Robotic Applique Kit – Surface (RIRAK–S),1470445.0,"January 6, 2021",SANDY,UT,N68335-21-C-0191,MB66N9AFQXL3,SBIR,http://www.kairosautonomi.com
35.2515624,-120.6660368,EMPIRICAL SYSTEMS AEROSPACE INC,"ADAPT - Advanced, Agile Manufacturing of Limited-Production Swarming Unmanned Systems (UxS) to Support Humanitarian Assistance and Disaster Relief (HA",486729.0,"January 6, 2021",SAN LUIS OBISPO,CA,N68335-21-C-0192,MFCTLU3MRXC8,SBIR,http://www.esaero.com
39.2774602,-84.4420731,GIRD SYSTEMS INC,S-Band Antenna System for LCS Communication Relay,246429.0,"June 24, 2021",CINCINNATI,OH,N68335-21-C-0550,DJXELKH2ADS9,SBIR,www.girdsystems.com
42.5564261,-71.4864792,Materials Systems Inc.,Non-towed Broadband Acoustic Source,239957.0,"June 24, 2021",Littleton,MA,N68335-21-C-0547,PJE4L1Q8N2B5,SBIR,www.matsysinc.com
39.9676368,-105.1665417,ATMOSPHERIC & SPACE TECHNOLOGY RESEARCH ASSOCIATES LLC,Maritime Magnetometer Array,49912.0,"April 12, 2021",LOUISVILLE,CO,FA8649-21-P-0697,DRYZNRMCBKL6,SBIR,http://www.orionspace.com
33.7594202,-117.9095061,"AEGIS TECHNOLOGY, INC.",Tide-Powered Charging Stations for Off-Grid Applications,200000.0,"June 28, 2021",SANTA ANA,CA,DE-SC0021750,FCMBE6J2BMP3,SBIR,https://www.aegistech.net
40.2993,-105.1055,AGILE RF SYSTEMS LLC,Micro airborne target observation radar from unmanned surface vehicles,749999.4,"June 15, 2021",BERTHOUD,CO,FA2487-21-C-0010,GLEASY99FMJ9,SBIR,Agilerfsystems.com
42.5912287,-71.3166466,"TRITON SYSTEMS, INC.",Autonomous Anchoring System for Unmanned Vessels,246418.0,"August 13, 2021",CHELMSFORD,MA,N68335-21-C-0737,DA91DUWSMSQ7,SBIR,http://www.tritonsys.com
38.8458,-77.3242,TRIDENT SYSTEMS LLC,4 - NAVY TECHNOLOGY ACCELERATION - Unmanned Surface Vehicle (USV) and Unmanned Underwater Vehicle (UUV) Autonomous Behavior Development,146326.0,"November 21, 2019",FAIRFAX,VA,N68335-20-F-0118,QWM1XWLUFQM8,SBIR,https://www.tridsys.com/
42.3405398,-72.5205859,FTL LABS CORP,"1 - BotSwain, Robotic Coxswain Behavior for High Sea-State Navigation",149998.0,"November 21, 2019",AMHERST,MA,N68335-20-F-0136,M7QQWCG2FHW3,SBIR,https://www.ftllabscorp.com
34.0447,-118.4487,"UTOPIACOMPRESSION,CORPORATION",Deep Learning Surface Object Classifier (DLSOC),1519491.0,"April 30, 2020",Los Angeles,CA,N68335-20-F-0573,HR7PGAJ92Z97,SBIR,http://utopiacompression.com/
34.106,-84.5117,"R-DEX SYSTEMS, INC.",Babel Shark: Improved Bridge-to-Bridge Radio for Unmanned Surface Vehicles,140000.0,"June 4, 2020",WOODSTOCK,GA,N68335-20-C-0628,HD9RM38CWBM6,SBIR,http://www.r-dex.com
40.5937214,-111.9046982,KAIROS AUTONOMI INC,Rapidly Installable Robotic Appliqué Kit (RIRAK) for USVs,196431.0,"May 18, 2020",SANDY,UT,N68335-20-C-0437,MB66N9AFQXL3,SBIR,http://www.kairosautonomi.com
37.8601,-122.4946,"iMetalx, Inc.",Rapidly Deployable Attritable Mission Persistent Communication Terminals,49759.0,"March 9, 2020",SAUSALITO,CA,FA8649-20-P-0898,GKPLZJBD9NY6,SBIR,https://www.imetalx.com
42.3778,-71.0627,GREENSIGHT INC.,Direct to Phase II - Long Endurance Autonomous Naval ISR SUAS (LEANIS),799925.0,"May 12, 2020",CHARLESTOWN,MA,N68335-20-C-0358,N1AGNSBANJF7,SBIR,http://www.greensightag.com
42.3756755,-71.1470209,"CHARLES RIVER ANALYTICS, INC.",Management of Intelligent Navigation for Condition-based Ocean Safe Transit (MIN-COST),246436.0,"June 19, 2020",CAMBRIDGE,MA,N68335-20-C-0672,DD1BYN8SN355,SBIR,http://www.cra.com
37.5507,-122.3276,"STOTTLER HENKE ASSOCIATES, INC",SIGnature Management Agent (SIGMA),140000.0,"June 19, 2020",SAN MATEO,CA,N68335-20-C-0671,FFEAH6Z5CK27,SBIR,https://www.stottlerhenke.com
42.8198326,-71.3102137,"NEXTGEN IMAGING TECHNOLOGIES, INC",Autonomous Celestial Inertial Navigation without GPS,140000.0,"June 13, 2020",WINDHAM,NH,N68335-20-C-0633,WYQBA1FKDTM4,SBIR,www.ngi-t.com
34.239232,-118.562408,ARETE ASSOCIATES,USV Celestial Navigation,140000.0,"June 12, 2020",NORTHRIDGE,CA,N68335-20-C-0631,DMKEXJ8NQ4C5,SBIR,http://www.arete.com
40.7516486,-74.0067152,PERSISTENT SYSTEMS LLC,Bridge-to-Bridge Radio for Unmanned Surface Vehicles,140000.0,"June 4, 2020",NEW YORK,NY,N68335-20-C-0627,NPJTWLK75ZY1,SBIR,https://www.persistentsystems.com
40.0592734,-75.4191782,VY CORP,USV/UUV Autonomous Behavior Development-2,1599089.0,"May 5, 2020",WAYNE,PA,N68335-20-F-0592,Z9DPKEMDM3X6,SBIR,www.vycorporation.com
42.3628031,-71.0834809,VISHWA ROBOTICS AND AUTOMATION LLC,ADVANCED NON ELECTROCHEMICAL ENERGY STORAGE,139973.0,"October 21, 2019",CAMBRIDGE,MA,N68335-20-C-0010,GDMSLKP1HLW6,SBIR,http://www.vishwarobotics.com
42.5089,-71.2004,"SCIENTIFIC SYSTEMS COMPANY, INC.",1 - STORMY: Storm-Aware USV Operations using Multi-Objective Autonomy,149818.0,"November 21, 2019",Burlington,MA,N68335-20-F-0097,C12TQVKF5413,SBIR,https://www.ssci.com/
40.0592734,-75.4191782,VY CORP,NAVY TECHNOLOGY ACCELERATION - Unmanned Surface Vehicle (USV) and Unmanned Underwater Vehicle (UUV) Autonomous Behavior Development,149952.0,"November 21, 2019",WAYNE,PA,N68335-20-F-0113,Z9DPKEMDM3X6,SBIR,www.vycorporation.com
34.0447,-118.4487,"UTOPIACOMPRESSION,CORPORATION",5-Deep Learning Surface Object Classifier,149974.0,"November 21, 2019",Los Angeles,CA,N68335-20-F-0129,HR7PGAJ92Z97,SBIR,http://utopiacompression.com/
39.8695266,-105.1998125,"DATA FUSION & NEURAL NETWORKS, LLC",NAVY TECHNOLOGY ACCELERATION - Unmanned Surface Vehicle (USV) and Unmanned Underwater Vehicle (UUV) Autonomous Behavior Development,150000.0,"November 21, 2019",ARVADA,CO,N68335-20-F-0114,V53XW5LYDD76,SBIR,http://www.df-nn.com/info@df-nn.com
30.6371839,-96.3177102,KNOWLEDGE BASED SYSTEMS INC,(4) Intelligent Anomaly-Based Maritime Situational Awareness System (IMSAS),150000.0,"November 21, 2019",COLLEGE STATION,TX,N68335-20-F-0115,YJXQFQ83DQR4,SBIR,https://www.kbsi.com
36.8431096,-76.3329959,"Fairlead Integrated, LLC",1. Fairlead-MCM-USV-Common Deploy and Retrieve System,220664.0,"August 6, 2020",Portsmouth,VA,N68335-20-C-0638,DXM3GSLGH2Z5,SBIR,http://www.fairleadint.com
39.2109,-76.5597,MARITIME APPLIED PHYSICS CORPORATION,Common D&R System for MCM USV,140000.0,"August 6, 2020",CURTIS BAY,MD,N68335-20-C-0637,RGFBAKWWL465,SBIR,http://www.blacksea.tech
34.239232,-118.562408,ARETE ASSOCIATES,Mine Countermeasures Unmanned Surface Vehicle Common Deploy and Retrieve System,140000.0,"August 6, 2020",NORTHRIDGE,CA,N68335-20-C-0639,DMKEXJ8NQ4C5,SBIR,http://www.arete.com
28.5653667,-81.7403495,VR REHAB INC,"ADAPT - Advanced, Agile Manufacturing of Limited-Production Swarming Unmanned Systems (UxS) to Support Humanitarian Assistance and Disaster Relief (HA",199978.0,"May 18, 2020",CLERMONT,FL,N68335-20-C-0427,PW6TQ7M8WH66,SBIR,https://www.virtualrealityrehab.com/
39.7712687,-104.8491357,BIG METAL ADDITIVE LLC,Point of Need UxV Manufacturing,149885.0,"July 13, 2020",DENVER,CO,N68335-20-C-0732,KQALHC62NA83,SBIR,http://www.bigmetaladditive.com
42.4729438,-71.2594054,BOSTON FUSION CORP,5-Context and AI-based Reasoning for Identification Onboard UxVs (5-CARIBOU),1586751.0,"April 24, 2020",LEXINGTON,MA,N68335-20-F-0556,CLYLQK44RHH4,SBIR,https://www.bostonfusion.com
38.9898,-76.5501,"GMATEK, INC.",Multisensor Fusion and Analytics for Detection and Correction of Sensor Degradation,1599698.0,"April 28, 2020",ANNAPOLIS,MD,N68335-20-F-0465,UN5PKH47SAX6,SBIR,gmatek.com
21.3077674,-157.8634866,PacMar Technologies LLC,UUV CADDIE: Capture and Deploy Device using Inflatable Elements,139957.0,"October 2, 2019",Honolulu,HI,N68335-20-c-0036,L1WZRB6JKWJ4,SBIR,https://www.pacmartech.com
40.1386,-75.2022,MIKROS SYSTEMS CORPORATION,NAVY TECHNOLOGY ACCELERATION - (3)Unmanned Surface Vehicle (USV) and Unmanned Underwater Vehicle (UUV) Autonomous Behavior Development,149660.0,"November 21, 2019",Fort Washington,PA,N68335-20-F-0145,LNQAX12C25Z2,SBIR,https://www.mikrossystems.com
37.9265,-122.3342,"Marine Advanced Robotics, Inc.",Autonomous LARS for Subsea Vehicles,119989.0,"January 1, 2020",Richmond,CA,NA20OAR0210086,XVLJK8BMGCL3,SBIR,www.wam-v.com
42.386242,-71.265739,BOSTON ENGINEERING CORPORATION,Low-Cost MCM Sound Velocity Profiler Based on MASED,1461666.0,"February 28, 2020",WALTHAM,MA,N68335-20-C-0354,RY2MMXKHFMH5,SBIR,http://www.boston-engineering.com
31.8543,-111.0003,HYDRONALIX INC,MGB II,1600000.0,"June 16, 2020",GREEN VALLEY,AZ,N68335-20-C-0624,X7NNB7Q6Y5K1,SBIR,https://www.hydronalix.com/
39.8906711,-75.1760638,TDI NOVUS INC,Contextual Observations for Natural Speech CharacterIzation On Unmanned Ships (CONSCIOUS),239709.0,"June 4, 2020",PHILADELPHIA,PA,N68335-20-C-0629,T8LCH4Y5FMQ7,SBIR,https://www.tdinovus.com
40.5913142,-74.5764084,SUBUAS LLC,"Non-DoD Placeholder - Multiple UAV Launch, Recovery, and Storage Module for Deployment at Sea",1099663.0,"March 19, 2020",BRIDGEWATER,NJ,N68335-20-C-0357,HDLKYSNJ4TF4,SBIR,https://thenaviator.com/
42.3756755,-71.1470209,"CHARLES RIVER ANALYTICS, INC.",Adaptive Perception Behaviors (APB),1599982.0,"April 22, 2020",CAMBRIDGE,MA,N68335-20-F-0451,DD1BYN8SN355,SBIR,http://www.cra.com
38.9615,-77.3418,METRON INCORPORATED,1-NAVY TECHNOLOGY ACCELERATION - Unmanned Surface Vehicle (USV) and Unmanned Underwater Vehicle (UUV) Autonomous Behavior Development - 19-098,149931.0,"November 21, 2019",RESTON,VA,N68335-20-F-0100,EN78W198KUG7,SBIR,http://www.metsci.com
33.8448225,-118.3117461,Physical Optics Corporation,Automated Unmanned Surface Vehicle (USV) Signature Controller,140000.0,"June 19, 2020",Torrance,CA,N68335-20-C-0670,DG3AB4E8R4D8,SBIR,http://www.poc.com
38.9615,-77.3418,METRON INCORPORATED,N193-A02 Phase II,1599938.0,"April 21, 2020",RESTON,VA,N68335-20-F-0546,EN78W198KUG7,SBIR,http://www.metsci.com
42.3405398,-72.5205859,FTL LABS CORP,"BotSwain, Robotic Coxswain Behavior for High Sea-State Navigation",1599889.0,"April 28, 2020",AMHERST,MA,N68335-20-F-0569,M7QQWCG2FHW3,SBIR,https://www.ftllabscorp.com
38.8458,-77.3242,TRIDENT SYSTEMS LLC,Unmanned Surface Vehicle (USV) and Unmanned Underwater Vehicle (UUV) Autonomous Behavior Development,1587173.0,"April 22, 2020",FAIRFAX,VA,N68335-20-F-0454,QWM1XWLUFQM8,SBIR,https://www.tridsys.com/
40.6702,-96.6391,"PACIFIC ENGINEERING, INC.",Light weight Composite Propulsion System Components,49948.0,"March 9, 2020",ROCA,NE,FA8649-20-P-0893,CZ52K2SU5AW5,SBIR,www.pacificengineeringinc.com
34.0447,-118.4487,"UTOPIACOMPRESSION,CORPORATION",Multisensor Perception and Situational Awareness (MPSA) System,1699904.0,"February 19, 2020",Los Angeles,CA,N68335-20-C-0339,HR7PGAJ92Z97,SBIR,http://utopiacompression.com/
36.8798591,-76.2075139,SPATIAL INTEGRATED SYSTEMS INC,High Sea State Automated Deployment and Retrieval of Towed Bodies from a Small Surface Platform,997984.0,"January 29, 2020",NORFOLK,VA,N68335-20-C-0245,PR5MRFMCH3W7,SBIR,http://www.sisinc.org
38.7953304,-77.3273305,"APPLIED OCEAN SCIENCES, LLC",Local Stochastic Prediction for UUV/USV Environmental Awareness,1996697.0,"July 28, 2020",FAIRFAX STATION,VA,N68335-20-C-0567,N2W3KSDKYR79,SBIR,http://www.AppliedOceanSciences.com
41.5198,-71.2731,"SEACORP, LLC",(5) NAVY TECHNOLOGY ACCELERATION - Unmanned Surface Vehicle (USV) and Unmanned Underwater Vehicle (UUV) Autonomous Behavior Development,149995.0,"November 21, 2019",MIDDLETOWN,RI,N68335-20-F-0116,DMPKMH1MFSQ1,SBIR,https://www.seacorp.com/
42.3756755,-71.1470209,"CHARLES RIVER ANALYTICS, INC.",(2) Adaptive Perception Behaviors (APB),149969.0,"November 21, 2019",CAMBRIDGE,MA,N68335-20-F-0130,DD1BYN8SN355,SBIR,http://www.cra.com
34.239232,-118.562408,ARETE ASSOCIATES,"NAVY TECHNOLOGY ACCELERATION - (5,2,3) Unmanned Surface Vehicle (USV) and Unmanned Underwater Vehicle (UUV) Autonomous Behavior Development",149989.0,"November 21, 2019",NORTHRIDGE,CA,N68335-20-F-0133,DMKEXJ8NQ4C5,SBIR,http://www.arete.com
36.8798591,-76.2075139,SPATIAL INTEGRATED SYSTEMS INC,NAVY TECHNOLOGY ACCELERATION - Unmanned Surface Vehicle (USV) and Unmanned Underwater Vehicle (UUV) Autonomous Behavior Development,149914.0,"November 21, 2019",NORFOLK,VA,N68335-20-F-0120,PR5MRFMCH3W7,SBIR,http://www.sisinc.org
32.8139944,-116.971843,TREX ENTERPRISES CORPORATION,CNS for Long Range Unmanned Surface Vessels,981143.0,"July 18, 2024",EL CAJON,CA,M67854-24-C-6523,RN43FYPYNKP4,SBIR,http://www.trexenterprises.com
39.2774602,-84.4420731,GIRD SYSTEMS INC,Anti-Jam Waveform for LCS Unmanned Vehicle Capability Advancement,1959929.0,"February 7, 2024",CINCINNATI,OH,N68335-24-C-0181,DJXELKH2ADS9,SBIR,www.girdsystems.com
21.3077674,-157.8634866,PacMar Technologies LLC,Amphibious Platform for Missile Launch,249944.09,"April 23, 2024",Honolulu,HI,W51701-24-C-0100,L1WZRB6JKWJ4,SBIR,https://www.pacmartech.com
42.5912287,-71.3166466,"TRITON SYSTEMS, INC.",Small High-Speed Amphibious Role-Variant Craft,999877.0,"November 28, 2022",CHELMSFORD,MA,M67854-23-C-6501,DA91DUWSMSQ7,SBIR,http://www.tritonsys.com
34.432726,-119.8659293,TOYON RESEARCH CORPORATION,Pressure-Tolerant Electronically-Steered Antennas (ESAs) for Satellite Communications on Unmanned Undersea Vehicles (UUV),140000.0,"August 7, 2023",GOLETA,CA,N68335-23-C-0655,PK1CB3L39XX8,SBIR,http://www.toyon.com
40.5937214,-111.9046982,KAIROS AUTONOMI INC,Universal Vehicle Controller (UVC),1488369.0,"February 1, 2023",SANDY,UT,N68335-23-C-0194,MB66N9AFQXL3,SBIR,http://www.kairosautonomi.com
32.9756,-117.0402,EPISYS SCIENCE INC,Project ACTION: Autonomous Control of Tethers via Integrated Operational Nodes,199952.9,"December 8, 2021",POWAY,CA,W911NF-22-P-0009,U719HNLEESB3,SBIR,https://www.episci.com
32.8139944,-116.971843,TREX ENTERPRISES CORPORATION,CNS for Long Range Unmanned Surface Vessels,239702.0,"September 26, 2022",EL CAJON,CA,M67854-22-C-6621,RN43FYPYNKP4,SBIR,http://www.trexenterprises.com
31.8543,-111.0003,HYDRONALIX INC,“SEARCHER” – Sea Remote Controlled Hydrographic Explorer and Recorder,1149998.0,"August 22, 2022",GREEN VALLEY,AZ,DE-SC0021776,X7NNB7Q6Y5K1,SBIR,https://www.hydronalix.com/
34.432726,-119.8659293,TOYON RESEARCH CORPORATION,S-Band Attenna System for Littoral Combat Ship Communications Relay,140000.0,"June 24, 2021",GOLETA,CA,N68335-21-C-0552,PK1CB3L39XX8,SBIR,http://www.toyon.com
42.5912287,-71.3166466,"TRITON SYSTEMS, INC.",Non-towed Broadband Acoustic Source,146500.0,"June 24, 2021",CHELMSFORD,MA,N68335-21-C-0546,DA91DUWSMSQ7,SBIR,http://www.tritonsys.com
21.3077674,-157.8634866,PacMar Technologies LLC,Automated Anchor Handling System,140000.0,"August 13, 2021",Honolulu,HI,N68335-21-C-0736,L1WZRB6JKWJ4,SBIR,https://www.pacmartech.com
38.9033,-77.1263,"iArchimedes, Inc.",Multi Modal Modular Host and Connector (M3HAC),139840.0,"July 15, 2020",Arlington,VA,M67854-20-P-6635,XQTKJK7JSSY3,SBIR,https://www.iArchimedes.com
40.1525829,-111.6473203,IMSAR LLC,IMSAR and Areté Low-SWaP-C Maritime Surface Search and Identification Radar System,238906.0,"June 8, 2020",SPRINGVILLE,UT,N68335-20-C-0508,E7JMADMVM497,SBIR,http://www.imsar.com
47.568996,-122.6267874,ART ANDERSON ASSOCIATES INC,S.H.A.R.C,139431.0,"July 15, 2020",BREMERTON,WA,M67854-20-P-6633,LRUMUHJRCT31,SBIR,
47.8056823,-122.3414402,LADON ROBOTICS LLC,SBIR Phase I: Autonomous Wind and Solar Powered Cargo Vessels,256000.0,"March 15, 2022",EDMONDS,WA,2130478,EHMKFDK2Y528,SBIR,
42.386242,-71.265739,BOSTON ENGINEERING CORPORATION,Automated Anchor Manager (AAM) with Chain Sensing,140000.0,"August 13, 2021",WALTHAM,MA,N68335-21-C-0731,RY2MMXKHFMH5,SBIR,http://www.boston-engineering.com
